,Make,Model,model_avg_price,std_tier
0,GMC,HUMMER,133747.6,2std
1,Audi,SQ7,131248.33333333334,3std
2,BMW,8,130585.0,2std
3,Lexus,LX,129293.5,3std
4,BMW,M4,126774.25,2std
5,Lincoln,Navigator,125629.45833333333,2std
6,Mercedes-Benz,Sprinter,124559.0,2std
7,Cadillac,Escalade,124549.0,3std
8,Infiniti,QX80,124271.1,1std
9,BMW,M3,123794.2,2std
10,Mercedes-Benz,EQS,120854.0,1std
11,Mercedes-Benz,eSprinter,120438.0,1std
12,Mercedes-Benz,EQE,120163.75,1std
13,Mercedes-Benz,GLS,118999.0,1std
14,BMW,X5,117875.2258064516,1std
15,BMW,iX,116983.66666666667,1std
16,BMW,X6,116484.33333333333,1std
17,Mercedes-Benz,GLE,114481.76666666666,1std
18,GMC,Yukon,114206.07407407407,1std
19,Chevrolet,Tahoe,112850.5,2std
20,Audi,SQ6,111120.0,2std
21,Ford,Expedition,110775.0,2std
22,Audi,Q8,110326.71428571429,2std
23,Lexus,GX,107998.66666666667,3std
24,Nissan,Armada,107887.77777777778,3std
25,Chevrolet,Suburban,106136.0,2std
26,BMW,5,105036.0,1std
27,Chevrolet,Corvette,104775.68181818182,2std
28,Cadillac,Vistiq,100673.0,2std
29,Genesis,GV80,99988.6,1std
30,Mercedes-Benz,E-Class,99577.07692307692,0std
31,BMW,Z4,99494.0,0std
32,Audi,Q6,99452.0,1std
33,Audi,A6,97012.66666666667,1std
34,BMW,X4,96671.0,0std
35,Toyota,Land,92962.5,1std
36,Cadillac,CT5-V,92775.0,1std
37,Volvo,XC90,92595.35714285714,0std
38,Audi,Q7,91678.4,0std
39,Audi,RS3,88275.5,0std
40,Audi,SQ5,87679.0,0std
41,BMW,3,87655.33333333333,0std
42,Cadillac,CT4-V,87153.66666666667,1std
43,BMW,i4,86269.79310344828,0std
44,Cadillac,Lyriq,85892.5,1std
45,Ford,F-550,85105.0,1std
46,GMC,Sierra,85008.57312252965,0std
47,Lincoln,Aviator,84745.88073394496,0std
48,BMW,4,84703.6,0std
49,Mercedes-Benz,CLE,82393.0,0std
50,Mercedes-Benz,GLC,82341.8431372549,0std
51,Ford,F-250,82290.11111111111,1std
52,Acura,MDX,81523.72043010753,1std
53,Ford,F-350,80806.66666666667,1std
54,Land,Rover,80782.12962962964,0std
55,Audi,S5,80536.125,0std
56,Lexus,TX,80263.55263157895,0std
57,Ford,Police,80077.0,1std
58,Ford,F,79805.85714285714,0std
59,Volvo,EX40,79358.0,0std
60,Chevrolet,Silverado,77271.03205128205,0std
61,Toyota,Tundra,77128.94444444444,1std
62,Lexus,RZ,76811.5,0std
63,Ford,F-150,76088.98267326732,0std
64,RAM,1500,75852.58771929824,0std
65,Ford,Transit,75551.4,0std
66,Lexus,RX,75359.28421052631,0std
67,Jeep,Wagoneer,75258.0,1std
68,Kia,EV9,75033.76470588235,2std
69,Mercedes-Benz,C-Class,74832.1,0std
70,Volvo,XC60,74301.63636363637,0std
71,RAM,3500,74248.0,0std
72,Genesis,GV70,74012.27586206897,0std
73,Dodge,Charger,73982.625,0std
74,BMW,X3,73419.2,0std
75,Infiniti,QX60,73241.6,0std
76,Toyota,Sienna,72859.6,0std
77,Jeep,Grand,72260.76923076923,0std
78,RAM,2500,71837.66666666667,0std
79,Cadillac,CT5,71641.2,0std
80,Nissan,Z,71371.5,3std
81,Audi,Q5,71304.0,0std
82,Cadillac,XT5,71190.76595744681,0std
83,Lincoln,Nautilus,70987.26704545454,0std
84,Audi,A5,70832.12,0std
85,Hyundai,IONIQ,70668.91666666667,2std
86,Lincoln,Corsair,70265.66666666667,0std
87,Lexus,ES,70190.0,0std
88,Cadillac,Optiq,69992.72864321608,0std
89,GMC,Acadia,69602.39393939394,0std
90,Honda,Prologue,69180.25,2std
91,Buick,Enclave,69147.51785714286,1std
92,Toyota,Grand,69033.0,0std
93,Volvo,V60,68796.66666666667,0std
94,Toyota,4-Runner,67362.0,0std
95,Audi,S3,67329.85714285714,0std
96,Chevrolet,Traverse,67069.34285714285,0std
97,Lexus,NX,66627.40157480315,0std
98,Mercedes-Benz,GLB,66363.2258064516,0std
99,BMW,X2,66301.375,0std
100,Honda,Pilot,66250.69565217392,2std
101,Jeep,Wrangler,66135.58888888889,0std
102,Acura,RDX,65526.16477272727,0std
103,Mercedes-Benz,GLA,65291.666666666664,0std
104,Hyundai,Palisade,65177.771929824565,1std
105,Dodge,Durango,64642.58415841584,0std
106,Ford,Explorer,64465.6,0std
107,Mercedes-Benz,EQB,64434.17647058824,0std
108,Volkswagen,Atlas,64102.080924855494,1std
109,BMW,X1,63958.304964539006,0std
110,Lexus,IS,63786.444444444445,0std
111,Honda,Passport,63462.0,1std
112,Nissan,Ariya,63356.5,2std
113,Mercedes-Benz,CLA,63339.791666666664,0std
114,Chevrolet,Blazer,63282.1,0std
115,Nissan,Pathfinder,63187.5,2std
116,Mazda,CX-90,62923.64761904762,1std
117,Toyota,Crown,62685.36363636364,0std
118,Jeep,Gladiator,61986.17647058824,0std
119,Toyota,Highlander,61880.9,0std
120,Toyota,Tacoma,61743.71153846154,0std
121,Cadillac,CT4,61714.0,0std
122,GMC,Canyon,61697.85106382979,0std
123,Mazda,CX-70,61328.28571428572,1std
124,GMC,Savana,61171.10344827586,0std
125,Infiniti,QX50,60788.31724137931,0std
126,Honda,Odyssey,60704.891304347824,1std
127,Honda,Ridgeline,60428.5,1std
128,Toyota,GR,60023.0,0std
129,Subaru,Trailseeker,59911.666666666664,3std
130,MINI,Countryman,59900.78846153846,0std
131,Audi,Q3,59625.68518518518,0std
132,Toyota,bZ,59169.666666666664,0std
133,Genesis,G70,58998.0,0std
134,Cadillac,XT4,58701.0,0std
135,MINI,Convertible,58567.619047619046,0std
136,Infiniti,QX55,58222.0,0std
137,Chevrolet,Colorado,58085.333333333336,0std
138,Chevrolet,Express,57955.21212121212,0std
139,Kia,EV6,57623.5,1std
140,Ford,Mustang,57083.95890410959,0std
141,Volvo,XC40,56983.61538461538,0std
142,Chrysler,Pacifica,56775.76315789474,0std
143,Kia,,55527.88888888889,0std
144,Nissan,Murano,55491.25,1std
145,Mitsubishi,Outlander,55471.455555555556,1std
146,BMW,2,55467.75,0std
147,Hyundai,Santa,54572.74074074074,0std
148,Kia,Carnival,54494.54794520548,0std
149,Honda,Prelude,54246.5,0std
150,Toyota,RAV,54168.862068965514,0std
151,Kia,Sorento,54124.882352941175,0std
152,Volvo,EX30,54116.666666666664,0std
153,Acura,ADX,54112.17821782178,0std
154,Audi,A3,54105.92857142857,0std
155,MINI,3,54076.262295081964,0std
156,Ford,Ranger,53311.48275862069,0std
157,Buick,Envision,52973.44545454546,0std
158,Mazda,CX-50,52486.0,0std
159,Lexus,UX,52205.625,0std
160,Volkswagen,Golf,52180.565217391304,0std
161,Acura,Integra,52174.37837837838,0std
162,Subaru,Outback,51058.42857142857,1std
163,Kia,EV5,50771.0,0std
164,RAM,ProMaster,50594.14492753623,0std
165,Jeep,Cherokee,50581.813953488374,0std
166,Nissan,Leaf,50389.61538461538,1std
167,Kia,EV4,50165.31578947369,0std
168,Toyota,C-HR,50077.75,0std
169,Honda,CR-V,49747.552706552706,0std
170,Subaru,Uncharted,49722.0,1std
171,Ford,Bronco,49547.247588424434,0std
172,Chrysler,Grand,49502.574468085106,0std
173,MINI,5,49495.35,0std
174,GMC,Terrain,49084.74683544304,0std
175,Hyundai,TUCSON,48320.75,0std
176,Subaru,WRX,48048.380952380954,1std
177,Honda,Accord,47515.16216216216,0std
178,Volkswagen,Tiguan,46805.13812154696,0std
179,Mazda,MX-5,46707.666666666664,0std
180,Chevrolet,Equinox,46472.36046511628,0std
181,Toyota,Camry,46212.0,0std
182,Ford,Maverick,45573.360655737706,0std
183,Toyota,Prius,45152.782608695656,0std
184,Subaru,Forester,45117.85542168675,0std
185,Kia,Sportage,45061.2030651341,0std
186,Hyundai,Tucson,44829.169117647056,0std
187,Mazda,CX-5,44471.98578199052,0std
188,Kia,Niro,44172.95192307692,0std
189,Nissan,Rogue,42319.2056892779,0std
190,Chevrolet,Bolt,42018.48235294117,0std
191,Tesla,Model,42000.0,0std
192,Jeep,Compass,41760.931818181816,0std
193,Nissan,Altima,41491.0,0std
194,Subaru,BRZ,40482.71428571428,0std
195,Volkswagen,Taos,40204.15254237288,0std
196,Buick,Encore,40117.848837209305,0std
197,Hyundai,Sonata,39972.709677419356,0std
198,Toyota,GR86,39474.0,0std
199,Chevrolet,Trailblazer,39041.142857142855,0std
200,Honda,HR-V,38796.31481481482,0std
201,Subaru,Crosstrek,38659.18028169014,0std
202,Mitsubishi,Eclipse,37785.561643835616,0std
203,Honda,Civic,37761.08163265306,0std
204,Mazda,CX-30,37745.556818181816,0std
205,Ford,Escape,37484.142857142855,0std
206,Hyundai,Kona,37459.51063829787,0std
207,Kia,Seltos,35785.06060606061,0std
208,Buick,Envista,35731.32142857143,0std
209,Hyundai,KONA,35285.2,0std
210,Volkswagen,Jetta,34435.76859504132,0std
211,Nissan,Kicks,33446.17846153846,0std
212,Subaru,Impreza,33430.34090909091,0std
213,Chevrolet,Trax,33172.02551020408,0std
214,Mazda,Mazda3,32600.37398373984,0std
215,Toyota,Corolla,32387.853333333333,0std
216,Mazda,3,31616.0,0std
217,Nissan,Sentra,31452.46212121212,0std
218,Mitsubishi,RVR,31105.9,0std
219,Hyundai,Elantra,30802.243243243243,0std
220,Kia,K4,30477.969696969696,0std
221,Hyundai,Venue,26919.05769230769,0std
222,Hyundai,ELANTRA,26678.0,0std
223,Nissan,Versa,23524.666666666668,0std
