,0
0,Lincoln
1,Jeep
2,Hyundai
3,Mazda
4,Ford
5,Land
6,Honda
7,Kia
8,Genesis
9,Audi
10,Subaru
11,Toyota
12,BMW
13,Infiniti
14,Nissan
15,Mercedes-Benz
16,Volkswagen
17,Porsche
18,Buick
19,Acura
20,MINI
21,Tesla
22,Lexus
23,RAM
24,Chevrolet
25,GMC
26,Volvo
27,Mitsubishi
28,Dodge
29,Chrysler
30,Cadillac
31,Scion
32,Rivian
33,Alfa
34,Jaguar
35,Fiat
36,Saturn
37,Renault
38,Pontiac
39,Maserati
40,Fisker
41,Ferrari
42,Aston
43,smart
44,Rolls-Royce
45,Lotus
46,Polestar
47,Bentley
48,Saab
49,McLaren
50,Suzuki
51,HUMMER
52,Daihatsu
