,mean_fit_time,std_fit_time,mean_score_time,std_score_time,param_learning_rate,param_max_depth,param_n_estimator,params,split0_test_score,split1_test_score,split2_test_score,split3_test_score,split4_test_score,mean_test_score,std_test_score,rank_test_score,split0_train_score,split1_train_score,split2_train_score,split3_train_score,split4_train_score,mean_train_score,std_train_score
0,0.18281641006469726,0.021953452613152288,0.008282947540283202,0.0025184454835312452,1.0,2,3000,"{'learning_rate': 1, 'max_depth': 2, 'n_estimator': 3000}",-8130.95361328125,-7833.865234375,-8042.40966796875,-8244.4404296875,-7781.77734375,-8006.6892578125,175.32638685270013,9,-7623.48779296875,-7550.35009765625,-7507.03564453125,-7559.7734375,-7683.6416015625,-7584.85771484375,61.84951164358106
1,0.16655330657958983,0.034569478260039976,0.00948033332824707,0.003021010780140538,1.0,2,4000,"{'learning_rate': 1, 'max_depth': 2, 'n_estimator': 4000}",-8130.95361328125,-7833.865234375,-8042.40966796875,-8244.4404296875,-7781.77734375,-8006.6892578125,175.32638685270013,9,-7623.48779296875,-7550.35009765625,-7507.03564453125,-7559.7734375,-7683.6416015625,-7584.85771484375,61.84951164358106
2,0.17296714782714845,0.012545559876929147,0.00785822868347168,0.0034078885852932396,1.0,4,3000,"{'learning_rate': 1, 'max_depth': 4, 'n_estimator': 3000}",-7931.31005859375,-7924.2255859375,-8350.7080078125,-8177.6982421875,-8024.0029296875,-8081.58896484375,162.68078350528003,11,-6080.5400390625,-6073.9794921875,-6040.93505859375,-6011.05224609375,-6190.34912109375,-6079.37119140625,60.81340657655216
3,0.18184542655944824,0.02279466923409254,0.011661720275878907,0.002351699027372332,1.0,4,4000,"{'learning_rate': 1, 'max_depth': 4, 'n_estimator': 4000}",-7931.31005859375,-7924.2255859375,-8350.7080078125,-8177.6982421875,-8024.0029296875,-8081.58896484375,162.68078350528003,11,-6080.5400390625,-6073.9794921875,-6040.93505859375,-6011.05224609375,-6190.34912109375,-6079.37119140625,60.81340657655216
4,0.18977904319763184,0.023585256398432616,0.006652927398681641,0.0010155898793080182,1.0,5,3000,"{'learning_rate': 1, 'max_depth': 5, 'n_estimator': 3000}",-8015.798828125,-8115.380859375,-8683.2783203125,-8361.9189453125,-8414.865234375,-8318.2484375,235.42291923365795,13,-5490.2646484375,-5319.99169921875,-5306.06201171875,-5220.9130859375,-5352.486328125,-5337.9435546875,87.69041039148422
5,0.19475302696228028,0.009266594554577347,0.010503625869750977,0.0026027518353948418,1.0,5,4000,"{'learning_rate': 1, 'max_depth': 5, 'n_estimator': 4000}",-8015.798828125,-8115.380859375,-8683.2783203125,-8361.9189453125,-8414.865234375,-8318.2484375,235.42291923365795,13,-5490.2646484375,-5319.99169921875,-5306.06201171875,-5220.9130859375,-5352.486328125,-5337.9435546875,87.69041039148422
6,0.21173653602600098,0.022702518010043197,0.009204578399658204,0.002195151371697031,1.0,6,3000,"{'learning_rate': 1, 'max_depth': 6, 'n_estimator': 3000}",-8246.56640625,-8645.76953125,-8568.7119140625,-8397.4814453125,-8486.8583984375,-8469.0775390625,138.63652665203534,17,-4774.19775390625,-4639.69384765625,-4639.28369140625,-4528.11376953125,-4776.70166015625,-4671.59814453125,94.04605547244795
7,0.22011904716491698,0.0160404490424683,0.014238643646240234,0.002783269950677223,1.0,6,4000,"{'learning_rate': 1, 'max_depth': 6, 'n_estimator': 4000}",-8246.56640625,-8645.76953125,-8568.7119140625,-8397.4814453125,-8486.8583984375,-8469.0775390625,138.63652665203534,17,-4774.19775390625,-4639.69384765625,-4639.28369140625,-4528.11376953125,-4776.70166015625,-4671.59814453125,94.04605547244795
8,0.291322660446167,0.044248200031990266,0.010197782516479492,0.0038925047564993404,1.0,8,3000,"{'learning_rate': 1, 'max_depth': 8, 'n_estimator': 3000}",-9156.3857421875,-9072.666015625,-9226.0546875,-8883.69140625,-8976.2900390625,-9063.017578125,122.53272819220875,19,-3537.497802734375,-3495.121337890625,-3461.29443359375,-3447.42724609375,-3595.3662109375,-3507.34140625,53.88345727203732
9,0.25733280181884766,0.01651039411126406,0.011006641387939452,0.0017514872428789872,1.0,8,4000,"{'learning_rate': 1, 'max_depth': 8, 'n_estimator': 4000}",-9156.3857421875,-9072.666015625,-9226.0546875,-8883.69140625,-8976.2900390625,-9063.017578125,122.53272819220875,19,-3537.497802734375,-3495.121337890625,-3461.29443359375,-3447.42724609375,-3595.3662109375,-3507.34140625,53.88345727203732
10,0.35786914825439453,0.030792650650352367,0.01323394775390625,0.004561036698803078,1.0,10,3000,"{'learning_rate': 1, 'max_depth': 10, 'n_estimator': 3000}",-9682.083984375,-9441.966796875,-9524.5791015625,-9369.541015625,-9365.5546875,-9476.7451171875,117.91327579938236,21,-2771.51904296875,-2699.911376953125,-2668.484619140625,-2661.68359375,-2785.994873046875,-2717.518701171875,51.8400256875664
11,0.38094053268432615,0.023097674992920165,0.020490121841430665,0.005426370442524674,1.0,10,4000,"{'learning_rate': 1, 'max_depth': 10, 'n_estimator': 4000}",-9682.083984375,-9441.966796875,-9524.5791015625,-9369.541015625,-9365.5546875,-9476.7451171875,117.91327579938236,21,-2771.51904296875,-2699.911376953125,-2668.484619140625,-2661.68359375,-2785.994873046875,-2717.518701171875,51.8400256875664
12,0.16582899093627929,0.012394166400344618,0.006291580200195312,0.0022222814962320585,0.01,2,3000,"{'learning_rate': 0.01, 'max_depth': 2, 'n_estimator': 3000}",-14153.12890625,-13917.2265625,-13856.5087890625,-13896.78125,-13858.0224609375,-13936.33359375,110.84611587877478,35,-13867.998046875,-13897.470703125,-13947.3369140625,-13900.404296875,-13957.20703125,-13914.0833984375,33.323874630996364
13,0.1575092315673828,0.013327049143048674,0.006477642059326172,0.001482595189452737,0.01,2,4000,"{'learning_rate': 0.01, 'max_depth': 2, 'n_estimator': 4000}",-14153.12890625,-13917.2265625,-13856.5087890625,-13896.78125,-13858.0224609375,-13936.33359375,110.84611587877478,35,-13867.998046875,-13897.470703125,-13947.3369140625,-13900.404296875,-13957.20703125,-13914.0833984375,33.323874630996364
14,0.22535343170166017,0.024402745022042007,0.008777475357055664,0.003094127551093683,0.01,4,3000,"{'learning_rate': 0.01, 'max_depth': 4, 'n_estimator': 3000}",-12386.326171875,-12207.71484375,-12153.953125,-12281.896484375,-12109.6552734375,-12227.9091796875,97.84872820168516,33,-12121.0400390625,-12168.7333984375,-12148.1630859375,-12101.90625,-12170.310546875,-12142.0306640625,26.83642798433909
15,0.22660412788391113,0.014844805900728205,0.008862876892089843,0.0028204831472282144,0.01,4,4000,"{'learning_rate': 0.01, 'max_depth': 4, 'n_estimator': 4000}",-12386.326171875,-12207.71484375,-12153.953125,-12281.896484375,-12109.6552734375,-12227.9091796875,97.84872820168516,33,-12121.0400390625,-12168.7333984375,-12148.1630859375,-12101.90625,-12170.310546875,-12142.0306640625,26.83642798433909
16,0.2691908836364746,0.019461365330414794,0.007104063034057617,0.0028552842147673264,0.01,5,3000,"{'learning_rate': 0.01, 'max_depth': 5, 'n_estimator': 3000}",-11873.8193359375,-11699.9580078125,-11711.5166015625,-11844.66796875,-11652.6953125,-11756.5314453125,86.64101628763298,31,-11593.2412109375,-11628.3115234375,-11589.94921875,-11570.9755859375,-11644.8720703125,-11605.469921875,27.035387446408855
17,0.24557790756225586,0.00640418021373771,0.010639810562133789,0.004968091323154935,0.01,5,4000,"{'learning_rate': 0.01, 'max_depth': 5, 'n_estimator': 4000}",-11873.8193359375,-11699.9580078125,-11711.5166015625,-11844.66796875,-11652.6953125,-11756.5314453125,86.64101628763298,31,-11593.2412109375,-11628.3115234375,-11589.94921875,-11570.9755859375,-11644.8720703125,-11605.469921875,27.035387446408855
18,0.2855534553527832,0.029266579097561744,0.00848541259765625,0.0018689186723740286,0.01,6,3000,"{'learning_rate': 0.01, 'max_depth': 6, 'n_estimator': 3000}",-11409.6220703125,-11273.201171875,-11345.3232421875,-11433.748046875,-11257.6572265625,-11343.9103515625,70.4701744064873,29,-11104.0869140625,-11138.0029296875,-11112.40625,-11063.8564453125,-11157.94140625,-11115.2587890625,31.982027627579598
19,0.31429276466369627,0.02133337156550641,0.009839248657226563,0.001849825310743013,0.01,6,4000,"{'learning_rate': 0.01, 'max_depth': 6, 'n_estimator': 4000}",-11409.6220703125,-11273.201171875,-11345.3232421875,-11433.748046875,-11257.6572265625,-11343.9103515625,70.4701744064873,29,-11104.0869140625,-11138.0029296875,-11112.40625,-11063.8564453125,-11157.94140625,-11115.2587890625,31.982027627579598
20,0.3953851699829102,0.027707475545223268,0.010028743743896484,0.003423861541846953,0.01,8,3000,"{'learning_rate': 0.01, 'max_depth': 8, 'n_estimator': 3000}",-10825.2578125,-10731.1494140625,-10848.4638671875,-10898.33203125,-10723.1103515625,-10805.2626953125,68.07324481148544,27,-10363.52734375,-10391.681640625,-10360.81640625,-10315.58984375,-10381.4013671875,-10362.6033203125,26.127491797658625
21,0.3945216178894043,0.03237940801206828,0.011545610427856446,0.002389226331644684,0.01,8,4000,"{'learning_rate': 0.01, 'max_depth': 8, 'n_estimator': 4000}",-10825.2578125,-10731.1494140625,-10848.4638671875,-10898.33203125,-10723.1103515625,-10805.2626953125,68.07324481148544,27,-10363.52734375,-10391.681640625,-10360.81640625,-10315.58984375,-10381.4013671875,-10362.6033203125,26.127491797658625
22,0.6154496669769287,0.021175743143306214,0.014230823516845703,0.002652582626079985,0.01,10,3000,"{'learning_rate': 0.01, 'max_depth': 10, 'n_estimator': 3000}",-10532.595703125,-10419.2060546875,-10583.21875,-10613.4521484375,-10433.12109375,-10516.31875,78.13855884440561,25,-9875.181640625,-9908.2275390625,-9857.25390625,-9839.55078125,-9891.2275390625,-9874.28828125,24.234164334530746
23,0.5937841415405274,0.01138057002778555,0.016783857345581056,0.0005264614922265988,0.01,10,4000,"{'learning_rate': 0.01, 'max_depth': 10, 'n_estimator': 4000}",-10532.595703125,-10419.2060546875,-10583.21875,-10613.4521484375,-10433.12109375,-10516.31875,78.13855884440561,25,-9875.181640625,-9908.2275390625,-9857.25390625,-9839.55078125,-9891.2275390625,-9874.28828125,24.234164334530746
24,0.16975102424621583,0.016558091566888606,0.006909704208374024,0.002190864938692975,0.001,2,3000,"{'learning_rate': 0.001, 'max_depth': 2, 'n_estimator': 3000}",-18744.3515625,-18377.341796875,-18558.58203125,-18232.900390625,-18736.50390625,-18529.9359375,200.4894373802211,47,-18472.64453125,-18571.6015625,-18514.34375,-18591.171875,-18479.740234375,-18525.900390625,47.852829192418184
25,0.18482680320739747,0.009284879010100633,0.008528041839599609,0.0013301186450026608,0.001,2,4000,"{'learning_rate': 0.001, 'max_depth': 2, 'n_estimator': 4000}",-18744.3515625,-18377.341796875,-18558.58203125,-18232.900390625,-18736.50390625,-18529.9359375,200.4894373802211,47,-18472.64453125,-18571.6015625,-18514.34375,-18591.171875,-18479.740234375,-18525.900390625,47.852829192418184
26,0.23207402229309082,0.014189665123860816,0.007728767395019531,0.002853845348423552,0.001,4,3000,"{'learning_rate': 0.001, 'max_depth': 4, 'n_estimator': 3000}",-18421.119140625,-18066.505859375,-18249.810546875,-17942.20703125,-18395.66796875,-18215.062109375,185.90550478643686,45,-18150.046875,-18244.943359375,-18194.716796875,-18267.310546875,-18162.7734375,-18203.958203125,45.56604503513601
27,0.2276994228363037,0.026088932150687957,0.00859975814819336,0.0037931178497208396,0.001,4,4000,"{'learning_rate': 0.001, 'max_depth': 4, 'n_estimator': 4000}",-18421.119140625,-18066.505859375,-18249.810546875,-17942.20703125,-18395.66796875,-18215.062109375,185.90550478643686,45,-18150.046875,-18244.943359375,-18194.716796875,-18267.310546875,-18162.7734375,-18203.958203125,45.56604503513601
28,0.2634591102600098,0.022900418415728194,0.01330552101135254,0.008735401129002248,0.001,5,3000,"{'learning_rate': 0.001, 'max_depth': 5, 'n_estimator': 3000}",-18337.673828125,-17990.671875,-18174.2109375,-17869.111328125,-18325.63671875,-18139.4609375,184.5992580932058,43,-18070.388671875,-18164.03125,-18110.1640625,-18187.6328125,-18078.775390625,-18122.1984375,46.36007038167066
29,0.29239597320556643,0.017098633417956578,0.010335540771484375,0.001642765655800395,0.001,5,4000,"{'learning_rate': 0.001, 'max_depth': 5, 'n_estimator': 4000}",-18337.673828125,-17990.671875,-18174.2109375,-17869.111328125,-18325.63671875,-18139.4609375,184.5992580932058,43,-18070.388671875,-18164.03125,-18110.1640625,-18187.6328125,-18078.775390625,-18122.1984375,46.36007038167066
30,0.31554536819458007,0.016894131869934256,0.009073305130004882,0.0027219855194668702,0.001,6,3000,"{'learning_rate': 0.001, 'max_depth': 6, 'n_estimator': 3000}",-18275.17578125,-17933.32421875,-18118.1796875,-17810.521484375,-18273.365234375,-18082.11328125,184.96027324243843,41,-18008.044921875,-18097.958984375,-18045.572265625,-18120.599609375,-18014.55859375,-18057.346875,44.83394440377493
31,0.3092174053192139,0.017060623011026337,0.013027572631835937,0.0014520416539195475,0.001,6,4000,"{'learning_rate': 0.001, 'max_depth': 6, 'n_estimator': 4000}",-18275.17578125,-17933.32421875,-18118.1796875,-17810.521484375,-18273.365234375,-18082.11328125,184.96027324243843,41,-18008.044921875,-18097.958984375,-18045.572265625,-18120.599609375,-18014.55859375,-18057.346875,44.83394440377493
32,0.43648061752319334,0.016907613746587627,0.012123584747314453,0.0035914273556618232,0.001,8,3000,"{'learning_rate': 0.001, 'max_depth': 8, 'n_estimator': 3000}",-18197.611328125,-17850.216796875,-18048.396484375,-17735.123046875,-18200.865234375,-18006.442578125,186.61541911342402,39,-17918.908203125,-18007.349609375,-17947.185546875,-18023.84375,-17919.103515625,-17963.278125,44.24827187132434
33,0.45235261917114256,0.01940177665136161,0.010831451416015625,0.0030831335507520608,0.001,8,4000,"{'learning_rate': 0.001, 'max_depth': 8, 'n_estimator': 4000}",-18197.611328125,-17850.216796875,-18048.396484375,-17735.123046875,-18200.865234375,-18006.442578125,186.61541911342402,39,-17918.908203125,-18007.349609375,-17947.185546875,-18023.84375,-17919.103515625,-17963.278125,44.24827187132434
34,0.6208651542663575,0.022067547336166966,0.019290065765380858,0.004675973626520101,0.001,10,3000,"{'learning_rate': 0.001, 'max_depth': 10, 'n_estimator': 3000}",-18158.19921875,-17802.935546875,-18015.400390625,-17697.98828125,-18160.8515625,-17967.075,187.4900471097006,37,-17864.31640625,-17956.052734375,-17894.4921875,-17970.005859375,-17863.23046875,-17909.61953125,45.24534398187922
35,0.6194355964660645,0.03662450428115559,0.025013303756713866,0.01283640258687134,0.001,10,4000,"{'learning_rate': 0.001, 'max_depth': 10, 'n_estimator': 4000}",-18158.19921875,-17802.935546875,-18015.400390625,-17697.98828125,-18160.8515625,-17967.075,187.4900471097006,37,-17864.31640625,-17956.052734375,-17894.4921875,-17970.005859375,-17863.23046875,-17909.61953125,45.24534398187922
36,0.19361405372619628,0.004671673067920713,0.009501266479492187,0.004607128519991557,0.05,2,3000,"{'learning_rate': 0.05, 'max_depth': 2, 'n_estimator': 3000}",-9963.49609375,-9910.69140625,-9740.71875,-10062.6162109375,-9603.443359375,-9856.1931640625,163.89707469924744,23,-9767.9951171875,-9783.15625,-9809.5986328125,-9689.830078125,-9825.9296875,-9775.301953125,47.243943468695186
37,0.1556403636932373,0.022386726253638075,0.006045627593994141,0.0019234923436497967,0.05,2,4000,"{'learning_rate': 0.05, 'max_depth': 2, 'n_estimator': 4000}",-9963.49609375,-9910.69140625,-9740.71875,-10062.6162109375,-9603.443359375,-9856.1931640625,163.89707469924744,23,-9767.9951171875,-9783.15625,-9809.5986328125,-9689.830078125,-9825.9296875,-9775.301953125,47.243943468695186
38,0.20731639862060547,0.027035731346101807,0.00922856330871582,0.0030570531091854503,0.05,4,3000,"{'learning_rate': 0.05, 'max_depth': 4, 'n_estimator': 3000}",-8356.68359375,-8368.09375,-8324.2392578125,-8670.294921875,-8077.6181640625,-8359.3859375,188.3485558566109,15,-8052.71484375,-8054.68701171875,-8068.693359375,-7984.5322265625,-8142.13916015625,-8060.5533203125,50.19476364170531
39,0.2179844856262207,0.02137293011483253,0.00946636199951172,0.002980536271418107,0.05,4,4000,"{'learning_rate': 0.05, 'max_depth': 4, 'n_estimator': 4000}",-8356.68359375,-8368.09375,-8324.2392578125,-8670.294921875,-8077.6181640625,-8359.3859375,188.3485558566109,15,-8052.71484375,-8054.68701171875,-8068.693359375,-7984.5322265625,-8142.13916015625,-8060.5533203125,50.19476364170531
40,0.22860140800476075,0.01828857297035749,0.009875297546386719,0.0035736235617047996,0.05,5,3000,"{'learning_rate': 0.05, 'max_depth': 5, 'n_estimator': 3000}",-7913.46630859375,-7875.81005859375,-7891.34521484375,-8236.58203125,-7536.880859375,-7890.81689453125,221.61350453293426,7,-7416.34765625,-7471.51611328125,-7439.5546875,-7353.40234375,-7505.375,-7437.23916015625,51.55158692848626
41,0.23421120643615723,0.013005889801603549,0.009490251541137695,0.002858061441851426,0.05,5,4000,"{'learning_rate': 0.05, 'max_depth': 5, 'n_estimator': 4000}",-7913.46630859375,-7875.81005859375,-7891.34521484375,-8236.58203125,-7536.880859375,-7890.81689453125,221.61350453293426,7,-7416.34765625,-7471.51611328125,-7439.5546875,-7353.40234375,-7505.375,-7437.23916015625,51.55158692848626
42,0.2679051399230957,0.008384205523849081,0.010387611389160157,0.0032095410401625697,0.05,6,3000,"{'learning_rate': 0.05, 'max_depth': 6, 'n_estimator': 3000}",-7578.1748046875,-7515.27001953125,-7625.46044921875,-7927.46875,-7256.17822265625,-7580.51044921875,215.33867607524067,5,-6898.142578125,-6950.4287109375,-6883.06494140625,-6786.099609375,-6937.892578125,-6891.12568359375,58.04942741407366
43,0.27180943489074705,0.0031126696139091034,0.012602949142456054,0.003978075093585158,0.05,6,4000,"{'learning_rate': 0.05, 'max_depth': 6, 'n_estimator': 4000}",-7578.1748046875,-7515.27001953125,-7625.46044921875,-7927.46875,-7256.17822265625,-7580.51044921875,215.33867607524067,5,-6898.142578125,-6950.4287109375,-6883.06494140625,-6786.099609375,-6937.892578125,-6891.12568359375,58.04942741407366
44,0.347653865814209,0.011380091193934915,0.008834600448608398,0.0009929203399721104,0.05,8,3000,"{'learning_rate': 0.05, 'max_depth': 8, 'n_estimator': 3000}",-7218.74853515625,-7115.744140625,-7307.60107421875,-7608.5517578125,-6974.65673828125,-7245.06044921875,212.87106547264938,3,-6011.826171875,-6016.318359375,-5953.63330078125,-5864.76513671875,-5993.6220703125,-5968.0330078125,56.17067077500386
45,0.35928893089294434,0.013627389929116492,0.012597465515136718,0.0032538010317642503,0.05,8,4000,"{'learning_rate': 0.05, 'max_depth': 8, 'n_estimator': 4000}",-7218.74853515625,-7115.744140625,-7307.60107421875,-7608.5517578125,-6974.65673828125,-7245.06044921875,212.87106547264938,3,-6011.826171875,-6016.318359375,-5953.63330078125,-5864.76513671875,-5993.6220703125,-5968.0330078125,56.17067077500386
46,0.5567095279693604,0.029407212883656778,0.017600011825561524,0.009055442868191094,0.05,10,3000,"{'learning_rate': 0.05, 'max_depth': 10, 'n_estimator': 3000}",-7169.64599609375,-7037.73779296875,-7288.45458984375,-7500.462890625,-6892.7470703125,-7177.80966796875,208.4681563760834,1,-5258.505859375,-5224.064453125,-5198.8876953125,-5103.32568359375,-5234.5107421875,-5203.85888671875,53.787973474630064
47,0.5394281387329102,0.02030034973689774,0.011871767044067384,0.0037449304202951386,0.05,10,4000,"{'learning_rate': 0.05, 'max_depth': 10, 'n_estimator': 4000}",-7169.64599609375,-7037.73779296875,-7288.45458984375,-7500.462890625,-6892.7470703125,-7177.80966796875,208.4681563760834,1,-5258.505859375,-5224.064453125,-5198.8876953125,-5103.32568359375,-5234.5107421875,-5203.85888671875,53.787973474630064
