,Combo_1,Combo_2,Similarity_Score
7,S5 Sportback,S5,100.0
929,TT RS Roadster,TT RS,100.0
2,GV70,GV70 Electrified,100.0
890,Silverado EV,Silverado,100.0
892,Golf,Golf City,100.0
893,Golf,Golf Wagon,100.0
894,Golf,Golf Alltrack,100.0
895,TT,TT RS Roadster,100.0
896,TT,TT RS,100.0
14,Mazda3,Mazda3 Sport,100.0
888,Express,City Express,100.0
889,Express,Express Passenger,100.0
874,Juke,Juke Nismo,100.0
24,WRX,WRX STI,100.0
22,X5,X5 M,100.0
521,Express 2500,Express,100.0
511,A6 Sedan,A6,100.0
502,Bolt,Bolt EV,100.0
490,X5 M,M,100.0
522,Encore GX,Encore,100.0
523,Encore GX,GX,100.0
528,3 Series Gran Turismo,3,100.0
519,Soul,Soul EV,100.0
540,Corolla iM,Corolla,100.0
542,Corolla iM,iM,100.0
545,G Convertible,G,100.0
471,Grand Highlander,Grand Highlander Hybrid,100.0
459,ProMaster Cargo Van,ProMaster City Cargo Van,100.0
461,ProMaster Cargo Van,Cargo Van,100.0
451,Silverado 2500 HD,Silverado 2500,100.0
453,Silverado 2500 HD,Silverado,100.0
106,Escape,Escape PHEV,100.0
107,Escape,Escape Hybrid,100.0
108,Palisade,Palisade Hybrid,100.0
109,CR-V Hybrid,CR-V,100.0
110,Mustang Mach-E,Mustang,100.0
113,Corolla Cross,Corolla Cross Hybrid,100.0
69,RAV 4 Hybrid,RAV 4 Plug-In Hybrid,100.0
71,A5 Sportback,A5,100.0
126,Q5,Q5 Sportback,100.0
114,Corolla Cross,Corolla,100.0
116,A3 Sedan,A3,100.0
88,3 Series,3,100.0
66,Elantra,Elantra N,100.0
67,Elantra,Elantra GT,100.0
68,Elantra,Elantra Touring,100.0
841,ProMaster City Cargo Van,Cargo Van,100.0
83,3 Series,3 Series Gran Turismo,100.0
806,Boxster 718,718 Boxster,100.0
807,911 Carrera 4S Cabriolet,911 Carrera Cabriolet,100.0
154,1500,Silverado 1500,100.0
155,1500,Sierra 1500,100.0
156,1500,1500 Classic,100.0
157,1500,Silverado 1500 LTD,100.0
158,1500,Sierra 1500 Limited,100.0
813,911 Carrera 4S Cabriolet,911,100.0
814,911 Carrera Cabriolet,911 Carrera 4 Cabriolet,100.0
815,911 Carrera Cabriolet,911 Carrera S Cabriolet,100.0
802,Titan,Titan XD,100.0
803,NV200 Cargo Vans,NV200,100.0
804,Cayman,Cayman 718,100.0
805,Boxster 718,Boxster,100.0
831,911 Carrera 4S Coupe,911,100.0
818,911 Carrera Cabriolet,911,100.0
820,911 Carrera S Coupe,911 Carrera Coupe,100.0
823,911 Carrera S Coupe,911,100.0
104,5 Series,5 Series Gran Turismo,100.0
105,5 Series,5 Series Sedan,100.0
828,911 Carrera 4 Cabriolet,911,100.0
829,911 Carrera 4S Coupe,911 Carrera Coupe,100.0
478,Savana Cargo Van,Cargo Van,100.0
479,Savana Cargo Van,Savana,100.0
481,Malibu,Malibu Hybrid,100.0
467,Bolt EUV,Bolt,100.0
469,Equinox,Equinox EV,100.0
470,Passat,Passat CC,100.0
550,Civic Hatchback,Civic,100.0
552,IS Convertible,Convertible,100.0
556,Niro,Niro EV,100.0
557,Lancer,Lancer Evolution,100.0
558,Lancer,Lancer Sportback,100.0
559,Sonata Hybrid,Sonata Plug-In Hybrid,100.0
561,XC40 Recharge Pure Electric,XC40,100.0
546,G Convertible,Convertible,100.0
572,CX-70 PHEV,CX-70,100.0
575,Wagoneer S,Wagoneer,100.0
564,Crown Signia,Crown,100.0
567,Passat CC,CC,100.0
771,MX-5 Miata Roadster,MX-5 Miata,100.0
772,C-Class Convertible,C-Class,100.0
795,Sprinter 2500,Sprinter,100.0
798,eSprinter Cargo Van,eSprinter,100.0
799,eSprinter Cargo Van,Cargo Van,100.0
801,Mirage,Mirage G4,100.0
143,Grand Cherokee L,Grand Cherokee,100.0
132,X6,X6 M,100.0
135,Rover Discovery Sport,Rover Discovery,100.0
136,Santa Fe,Santa Fe Sport,100.0
137,Santa Fe,Santa Fe Hybrid,100.0
159,1500,Silverado 1500 LD,100.0
161,1500,RAM 1500,100.0
146,IS,IS Convertible,100.0
150,Golf R,Golf,100.0
138,Santa Fe,Santa Fe Plug-In Hybrid,100.0
139,Santa Fe,Santa Fe XL,100.0
140,Tundra Hybrid,Tundra,100.0
142,Grand Cherokee L,Cherokee,100.0
439,2 Series Gran Coupe,2,100.0
426,Escalade,Escalade ESV,100.0
427,Escalade,Escalade IQ,100.0
428,S5,S5 Cabriolet,100.0
433,2 Series Gran Coupe,Coupe,100.0
418,IONIQ 5,IONIQ,100.0
420,IONIQ 5,IONIQ 5 N,100.0
421,Golf SportWagen,Golf,100.0
588,S4 Sedan,S4,100.0
592,RS e-tron GT,e-tron,100.0
593,RS e-tron GT,e-tron GT,100.0
444,A5,A5 Cabriolet,100.0
603,RS5 Coupe,Coupe,100.0
605,RS3,RS3 Sedan,100.0
598,Q8 e-tron Sportback,e-tron,100.0
601,RS5 Coupe,RS5,100.0
408,Kicks,Kicks Play,100.0
409,Accord Sedan,Accord,100.0
395,2500,Silverado 2500 HD,100.0
396,2500,Express 2500,100.0
397,2500,Silverado 2500,100.0
399,2500,RAM 2500,100.0
400,2500,Sprinter 2500,100.0
388,Expedition,Expedition Max,100.0
761,Coupe,Genesis Coupe,100.0
751,Grand Wagoneer,Wagoneer,100.0
753,Continental,Continental GT,100.0
739,IONIQ Plug-In-Hybrid,IONIQ,100.0
742,G,G Sedan,100.0
743,G,G Coupe,100.0
744,M,M Sedan,100.0
745,M,1 Series M Coupe,100.0
768,Coupe,911 Carrera 4 GTS Coupe,100.0
754,Convertible,C-Class Convertible,100.0
755,Convertible,XK Convertible,100.0
756,Convertible,Beetle Convertible,100.0
757,Coupe,911 Carrera S Coupe,100.0
758,Coupe,911 Carrera 4S Coupe,100.0
759,Coupe,911 Carrera Coupe,100.0
760,Coupe,Beetle Coupe,100.0
167,Wrangler,Wrangler JK Unlimited,100.0
168,Rover Range Rover Velar,Rover Range Rover,100.0
762,Coupe,G Coupe,100.0
763,Coupe,Q60 Coupe,100.0
764,Coupe,370Z Coupe,100.0
765,Coupe,1 Series M Coupe,100.0
766,Coupe,6 Series Gran Coupe,100.0
767,Coupe,M8 Gran Coupe,100.0
182,Silverado 1500,Silverado,100.0
176,Silverado 1500,Silverado 1500 LTD,100.0
177,Silverado 1500,Silverado 1500 LD,100.0
163,Camry,Camry Hybrid,100.0
164,Wrangler,Wrangler Unlimited,100.0
165,Wrangler,Wrangler JK,100.0
166,Wrangler,Wrangler 4xe,100.0
253,Grand Caravan,Caravan,100.0
254,Highlander Hybrid,Grand Highlander Hybrid,100.0
255,Explorer,Explorer Sport Trac,100.0
256,A3,A3 Cabriolet,100.0
257,Sorento Plug-In Hybrid,Sorento Hybrid,100.0
243,Jetta,Jetta GLI,100.0
244,Jetta,Jetta Sedan,100.0
246,SQ5,SQ5 Sportback,100.0
194,Corolla Sedan,Corolla,100.0
196,Golf GTI,Golf,100.0
197,CX-50,CX-50 Hybrid,100.0
199,Kona Electric,Kona,100.0
201,Tucson,Tucson Hybrid,100.0
250,Cherokee,Grand Cherokee,100.0
251,Cherokee,Grand Cherokee 4xe,100.0
252,Cherokee,Grand Cherokee WK,100.0
202,Tucson,Tucson Plug-In Hybrid,100.0
203,Highlander,Highlander Hybrid,100.0
204,Highlander,Grand Highlander,100.0
205,Highlander,Grand Highlander Hybrid,100.0
206,Sorento,Sorento Plug-In Hybrid,100.0
207,Sorento,Sorento Hybrid,100.0
208,Yukon,Yukon XL,100.0
209,C-Class Coupe,Coupe,100.0
224,Blazer,Blazer EV,100.0
210,C-Class Coupe,C-Class,100.0
213,4 Series,4 Series Gran Coupe,100.0
717,RAM,RAM 1500,100.0
718,Mustang Shelby,Mustang,100.0
719,Mustang Convertible,Mustang,100.0
720,Mustang Convertible,Convertible,100.0
706,Silverado 3500 HD,Silverado,100.0
708,Silverado 2500,Silverado,100.0
723,Mustang Coupe,Mustang,100.0
724,Mustang Coupe,Coupe,100.0
726,Transit Connect,Transit,100.0
727,Transit Passenger Van,Transit,100.0
729,Savana Commercial Cutaway,Savana,100.0
714,City Express Cargo Van,City Express,100.0
715,RAM 2500,RAM,100.0
240,Eclipse Cross,Eclipse,100.0
227,Tucson Hybrid,Tucson Plug-In Hybrid,100.0
231,Wrangler Unlimited,Wrangler JK Unlimited,100.0
730,Savana Passenger,Savana,100.0
731,Savana 3500,Savana,100.0
733,GV80,GV80 Coupe,100.0
734,GV80 Coupe,Coupe,100.0
248,Sentra,Sentra NISMO,100.0
249,Sportage,Sportage Hybrid,100.0
235,CX-70 MHEV,CX-70,100.0
236,XC90,XC90 Hybrid,100.0
237,XC90,XC90 Recharge,100.0
238,XC90,XC90 Plug-in Hybrid,100.0
239,XC90 Hybrid,XC90 Plug-in Hybrid,100.0
320,Fusion,Fusion Energi,100.0
321,Accord Hybrid,Accord,100.0
306,S5 Coupe,Coupe,100.0
308,Transit Cargo Van,Cargo Van,100.0
309,Transit Cargo Van,Transit,100.0
310,A4 Sedan,A4,100.0
273,2 Series,2,100.0
264,2 Series,2 Series Gran Coupe,100.0
316,Cayman 718 GT4,Cayman,100.0
317,Cayman 718 GT4,Cayman 718,100.0
318,3 Door,3,100.0
319,Fusion,Fusion Hybrid,100.0
278,Model 3,3,100.0
279,X3,X3 M,100.0
280,Crosstrek,Crosstrek Hybrid,100.0
281,Crosstrek,XV Crosstrek,100.0
709,Express 3500,Express,100.0
711,Express Commercial Cutaway,Express,100.0
712,City Express Cargo Van,Cargo Van,100.0
713,City Express Cargo Van,Express,100.0
283,Wrangler JK,Wrangler JK Unlimited,100.0
284,Grand Cherokee,Grand Cherokee 4xe,100.0
285,Grand Cherokee,Grand Cherokee WK,100.0
614,A6 e-tron,e-tron,100.0
412,Yaris,Yaris Hatchback,100.0
413,Q60,Q60 Coupe,100.0
414,Navigator L,Navigator,100.0
403,2500,ProMaster 2500,100.0
404,Accord Coupe,Accord,100.0
405,Accord Coupe,Coupe,100.0
407,Mustang Fastback,Mustang,100.0
637,TTS Coupe,Coupe,100.0
639,TTS Coupe,TTS,100.0
633,S3 Sedan,S3,100.0
624,RS5 Sportback,RS5,100.0
613,A6 e-tron,A6,100.0
367,Forte,Forte 5-Door,100.0
368,Forte,Forte Koup,100.0
357,Golf Standard Model,Golf,100.0
358,Cruze,Cruze Limited,100.0
359,Santa Fe Hybrid,Santa Fe Plug-In Hybrid,100.0
384,Pacifica,Pacifica Hybrid,100.0
370,Corolla Hatchback 5-Door,Corolla,100.0
372,Charger,Charger Daytona,100.0
377,4 Series Gran Coupe,Coupe,100.0
363,Civic Coupe,Coupe,100.0
364,Civic Coupe,Civic,100.0
366,Focus,Focus Electric,100.0
346,3500,Express 3500,100.0
347,3500,Savana 3500,100.0
348,3500,ProMaster 3500,100.0
338,Forte 5,Forte,100.0
686,ATS Coupe,ATS,100.0
687,ATS Coupe,Coupe,100.0
689,CTS,CTS Coupe,100.0
677,M6 Cabrio,M6,100.0
678,Regal,Regal Sportback,100.0
681,CTS Sedan,CTS,100.0
295,XC60,XC60 Recharge,100.0
296,XC60,XC60 Plug-in Hybrid,100.0
297,Corvette,Corvette Z51,100.0
699,Silverado 3500,Silverado 3500 HD,100.0
702,Silverado 3500,Silverado,100.0
690,ATS Sedan,ATS,100.0
693,CTS Coupe,Coupe,100.0
298,Corvette,Corvette Z06,100.0
299,Corvette,Corvette Grand Sport,100.0
300,Corvette,Corvette Stingray,100.0
301,S5 Coupe,S5,100.0
291,C-Class Sedan,C-Class,100.0
292,Civic Type R,Civic,100.0
294,C-Class Wagon,C-Class,100.0
644,S6 Sedan,S6,100.0
645,TT RS Coupe,Coupe,100.0
647,TT RS Coupe,TT,100.0
648,TT RS Coupe,TT RS,100.0
383,A4,A4 Allroad Quattro,100.0
659,M6 Coupe,Coupe,100.0
662,M6 Coupe,M6,100.0
665,1 Series,1 Series M Coupe,100.0
650,Q4 e-tron,e-tron,100.0
653,Q4 e-tron,Q4 e-tron Sportback,100.0
654,Q6 e-tron,e-tron,100.0
323,Outlander,Outlander PHEV,100.0
326,RX,RX 350,100.0
328,Sierra 1500,Sierra 1500 Limited,100.0
669,X3 M,M,100.0
670,X6 M,M,100.0
671,M8,M8 Gran Coupe,100.0
658,i8,i8 Roadster,100.0
344,3500,Silverado 3500,100.0
345,3500,Silverado 3500 HD,100.0
333,MX-5 Miata RF,MX-5 Miata,100.0
334,Kona,Kona N,100.0
335,Sonata,Sonata Hybrid,100.0
336,Sonata,Sonata Plug-In Hybrid,100.0
322,Outlander,Outlander Plug-In Hybrid,100.0
26,Bronco Sport,Bronco,100.0
29,Civic Sedan,Civic,100.0
30,Versa,Versa Note,100.0
32,Rover Range Rover Sport,Rover Range Rover,100.0
33,Carnival,Carnival Hybrid,100.0
18,Prius,Prius c,100.0
19,Prius,Prius Plug-In Hybrid,100.0
20,Prius,Prius Prime,100.0
908,e-tron,Q4 e-tron Sportback,100.0
909,XK,XK Convertible,100.0
910,370Z,370Z Roadster,100.0
911,F 150 Lightning,F 150,100.0
899,Z4 Roadster,Z4,100.0
901,6 Series,6 Series Gran Coupe,100.0
905,370Z Coupe,370Z,100.0
926,911,911 Carrera 4 GTS Coupe,100.0
1,F-150,F-150 Lightning,100.0
916,IONIQ 6,IONIQ,100.0
919,IONIQ Hybrid,IONIQ,100.0
921,IONIQ,IONIQ 9,100.0
906,e-tron,e-tron GT,100.0
907,e-tron,SQ6 e-tron,100.0
491,Rio 5-door,Rio,100.0
496,Silverado 1500 LD,Silverado,100.0
482,Malibu,Malibu Limited,100.0
488,Silverado 1500 LTD,Silverado,100.0
922,IONIQ,IONIQ 5 N,100.0
843,Cargo Van,Metris Cargo Van,100.0
845,XV Crosstrek,XV,100.0
848,Corolla Cross Hybrid,Corolla,100.0
834,911 Carrera Coupe,911,100.0
835,911 Carrera Coupe,911 Carrera 4 GTS Coupe,100.0
836,Boxster,718 Boxster,100.0
839,911 Carrera S Cabriolet,911,100.0
38,RAV 4,RAV 4 Prime,100.0
40,Rover Range Rover Evoque,Rover Range Rover,100.0
41,Q8,Q8 e-tron Sportback,100.0
859,S60 Recharge,S60,100.0
862,V60,V60 Cross Country,100.0
855,Beetle Coupe,Beetle,100.0
857,Beetle,Beetle Convertible,100.0
42,Q8,RS Q8,100.0
34,Atlas,Atlas Cross Sport,100.0
35,4-Runner,4-Runner Hybrid,100.0
36,RAV 4,RAV 4 Hybrid,100.0
37,RAV 4,RAV 4 Plug-In Hybrid,100.0
867,Versa Note,Note,100.0
873,Corolla,GR Corolla,100.0
60,A5 Coupe,A5,100.0
63,A5 Coupe,Coupe,100.0
65,Elantra,Elantra Hybrid,100.0
52,8 Series Gran Coupe,8 Series,100.0
53,8 Series Gran Coupe,Coupe,100.0
562,XC40 Recharge Pure Electric,C40 Recharge Pure Electric,98.11320754716981
810,911 Carrera 4S Cabriolet,911 Carrera S Cabriolet,97.87234042553192
808,911 Carrera 4S Cabriolet,911 Carrera 4 Cabriolet,97.87234042553192
819,911 Carrera S Coupe,911 Carrera 4S Coupe,97.43589743589743
483,Silverado 1500 LTD,Silverado 1500 LD,97.14285714285714
389,Q5 Sportback,SQ5 Sportback,96.0
8,S5 Sportback,SQ5 Sportback,96.0
10,S5 Sportback,RS5 Sportback,96.0
825,911 Carrera 4 Cabriolet,911 Carrera S Cabriolet,95.65217391304348
529,3 Series Gran Turismo,5 Series Gran Turismo,95.23809523809524
57,8 Series Gran Coupe,6 Series Gran Coupe,94.73684210526316
381,4 Series Gran Coupe,6 Series Gran Coupe,94.73684210526316
373,4 Series Gran Coupe,2 Series Gran Coupe,94.73684210526316
656,Q6 e-tron,SQ6 e-tron,94.73684210526316
600,Q8 e-tron Sportback,Q4 e-tron Sportback,94.73684210526316
437,2 Series Gran Coupe,6 Series Gran Coupe,94.73684210526316
48,8 Series Gran Coupe,4 Series Gran Coupe,94.73684210526316
49,8 Series Gran Coupe,2 Series Gran Coupe,94.73684210526316
573,XC90 Plug-in Hybrid,XC60 Plug-in Hybrid,94.73684210526316
824,911 Carrera S Coupe,911 Carrera 4 GTS Coupe,94.44444444444444
607,RS3 Sedan,S3 Sedan,94.11764705882354
794,CL-Class,CLK-Class,94.11764705882354
302,S5 Coupe,RS5 Coupe,94.11764705882354
864,V90 Cross Country,V60 Cross Country,94.11764705882354
800,eSprinter,Sprinter,94.11764705882354
783,SL-Class,SLK-Class,94.11764705882354
352,CLS-Class,CL-Class,94.11764705882354
450,Silverado 2500 HD,Silverado 3500 HD,94.11764705882354
722,F-350 Super Duty,F-550 Super Duty,93.75
498,F-250 Super Duty,F-350 Super Duty,93.75
499,F-250 Super Duty,F-550 Super Duty,93.75
792,CL-Class,C-Class,93.33333333333333
513,S-Class,SL-Class,93.33333333333333
468,Bolt EUV,Bolt EV,93.33333333333333
144,Grand Cherokee L,Grand Cherokee 4xe,93.33333333333333
145,Grand Cherokee L,Grand Cherokee WK,93.33333333333333
832,911 Carrera 4S Coupe,911 Carrera 4 GTS Coupe,93.02325581395348
178,Silverado 1500,Silverado 3500,92.85714285714286
842,ProMaster 3500,ProMaster 2500,92.85714285714286
700,Silverado 3500,Silverado 2500,92.85714285714286
180,Silverado 1500,Silverado 2500,92.85714285714286
288,C-Class Sedan,A-Class Sedan,92.3076923076923
341,XC60 Recharge,XC90 Recharge,92.3076923076923
538,Sierra 2500HD,Sierra 3500HD,92.3076923076923
577,SQ5 Sportback,RS5 Sportback,92.3076923076923
543,G Convertible,IS Convertible,91.66666666666667
548,G Convertible,XK Convertible,91.66666666666667
622,S5 Cabriolet,A5 Cabriolet,91.66666666666667
70,A5 Sportback,Q5 Sportback,91.66666666666667
547,G Convertible,C-Class Convertible,91.66666666666667
879,A5 Cabriolet,A3 Cabriolet,91.66666666666667
520,Express 2500,Express 3500,91.66666666666667
6,S5 Sportback,Q5 Sportback,91.66666666666667
549,G Convertible,Beetle Convertible,91.66666666666667
544,G Convertible,Mustang Convertible,91.66666666666667
5,S5 Sportback,A5 Sportback,91.66666666666667
497,Grand Cherokee 4xe,Grand Cherokee WK,90.3225806451613
477,CX-90 PHEV,CX-70 PHEV,90.0
233,CX-70 MHEV,CX-90 MHEV,90.0
234,CX-70 MHEV,CX-70 PHEV,90.0
476,CX-90 PHEV,CX-90 MHEV,90.0
923,CX-7,CX-70,88.88888888888889
0,CX-5,CX-50,88.88888888888889
886,Rover LR4,Rover LR2,88.88888888888889
788,GLK-Class,SLK-Class,88.88888888888889
789,GLK-Class,CLK-Class,88.88888888888889
170,CX-30,CX-3,88.88888888888889
682,CTS Sedan,ATS Sedan,88.88888888888889
612,A6 e-tron,Q6 e-tron,88.88888888888889
636,TTS Coupe,CTS Coupe,88.88888888888889
635,TTS Coupe,ATS Coupe,88.88888888888889
354,CLS-Class,CLK-Class,88.88888888888889
649,Q4 e-tron,Q6 e-tron,88.88888888888889
685,ATS Coupe,CTS Coupe,88.88888888888889
875,SLK-Class,CLK-Class,88.88888888888889
574,Wagoneer S,Grand Wagoneer,88.88888888888889
262,Sorento Plug-In Hybrid,Sonata Plug-In Hybrid,88.37209302325581
493,Silverado 1500 LD,Silverado 3500 HD,88.23529411764706
447,Silverado 2500 HD,Silverado 1500 LD,88.23529411764706
342,XC60 Recharge,S60 Recharge,88.0
72,A5 Sportback,SQ5 Sportback,88.0
74,A5 Sportback,RS5 Sportback,88.0
721,Mustang Convertible,XK Convertible,88.0
913,XK Convertible,Beetle Convertible,88.0
391,Q5 Sportback,RS5 Sportback,88.0
773,C-Class Convertible,XK Convertible,88.0
553,IS Convertible,C-Class Convertible,88.0
551,IS Convertible,Mustang Convertible,88.0
554,IS Convertible,XK Convertible,88.0
555,IS Convertible,Beetle Convertible,88.0
59,A5 Coupe,S5 Coupe,87.5
286,Elantra Hybrid,Elantra N,87.5
663,1 Series,8 Series,87.5
628,S3 Sedan,S6 Sedan,87.5
672,8 Series,6 Series,87.5
350,CLS-Class,S-Class,87.5
664,1 Series,6 Series,87.5
353,CLS-Class,C-Class,87.5
218,4 Series,8 Series,87.5
219,4 Series,6 Series,87.5
267,2 Series,1 Series,87.5
266,2 Series,7 Series,87.5
268,2 Series,8 Series,87.5
269,2 Series,6 Series,87.5
311,A4 Sedan,A6 Sedan,87.5
312,A4 Sedan,S4 Sedan,87.5
775,G-Class,GLK-Class,87.5
781,SL-Class,CL-Class,87.5
583,S4 Sedan,S6 Sedan,87.5
716,RAM 2500,RAM 1500,87.5
212,4 Series,2 Series,87.5
217,4 Series,1 Series,87.5
216,4 Series,7 Series,87.5
582,S4 Sedan,S3 Sedan,87.5
100,5 Series,8 Series,87.5
99,5 Series,1 Series,87.5
98,5 Series,7 Series,87.5
85,3 Series,1 Series,87.5
94,5 Series,2 Series,87.5
84,3 Series,7 Series,87.5
93,5 Series,4 Series,87.5
101,5 Series,6 Series,87.5
78,3 Series,5 Series,87.5
87,3 Series,6 Series,87.5
86,3 Series,8 Series,87.5
531,7 Series,8 Series,87.5
532,7 Series,6 Series,87.5
118,A3 Sedan,A6 Sedan,87.5
120,A3 Sedan,S3 Sedan,87.5
462,Elantra N,Elantra GT,87.5
79,3 Series,4 Series,87.5
80,3 Series,2 Series,87.5
530,7 Series,1 Series,87.5
463,Elantra N,Elantra Touring,87.5
117,A3 Sedan,A4 Sedan,87.5
507,A6 Sedan,S6 Sedan,87.5
516,S-Class,SLK-Class,87.5
878,C-Class,CLK-Class,87.5
58,8 Series Gran Coupe,M8 Gran Coupe,86.95652173913044
382,4 Series Gran Coupe,M8 Gran Coupe,86.95652173913044
332,MX-5 Miata RF,MX-5 Miata Roadster,86.95652173913044
924,6 Series Gran Coupe,M8 Gran Coupe,86.95652173913044
438,2 Series Gran Coupe,M8 Gran Coupe,86.95652173913044
912,F 150 Lightning,F-150 Lightning,86.66666666666667
458,Santa Fe Plug-In Hybrid,Sonata Plug-In Hybrid,86.36363636363636
840,ProMaster City Cargo Van,ProMaster City Wagon,86.36363636363636
517,S-Class,C-Class,85.71428571428572
518,S-Class,M-Class,85.71428571428572
160,1500,500,85.71428571428572
416,IONIQ 5,IONIQ 6,85.71428571428572
402,2500,500,85.71428571428572
401,2500,250,85.71428571428572
877,C-Class,M-Class,85.71428571428572
732,GV80,G80,85.71428571428572
515,S-Class,B-Class,85.71428571428572
861,XC70,C70,85.71428571428572
398,2500,200,85.71428571428572
446,Silverado 2500 HD,Silverado 1500 LTD,85.71428571428572
746,G Sedan,M Sedan,85.71428571428572
741,QX70,Q70,85.71428571428572
190,QX50,Q50,85.71428571428572
189,E-Class,M-Class,85.71428571428572
796,B-Class,C-Class,85.71428571428572
779,G-Class,M-Class,85.71428571428572
778,G-Class,C-Class,85.71428571428572
777,G-Class,B-Class,85.71428571428572
131,Model Y,Model X,85.71428571428572
130,Model Y,Model S,85.71428571428572
512,S-Class,G-Class,85.71428571428572
419,IONIQ 5,IONIQ 9,85.71428571428572
736,GV60,V60,85.71428571428572
187,E-Class,B-Class,85.71428571428572
887,500X,500,85.71428571428572
846,Model S,Model X,85.71428571428572
3,GV70,G70,85.71428571428572
4,GV70,V70,85.71428571428572
485,Silverado 1500 LTD,Silverado 3500 HD,85.71428571428572
25,QX60,Q60,85.71428571428572
349,3500,500,85.71428571428572
343,3500,300,85.71428571428572
868,500L,500,85.71428571428572
917,IONIQ 6,IONIQ 9,85.71428571428572
183,E-Class,S-Class,85.71428571428572
184,E-Class,G-Class,85.71428571428572
797,B-Class,M-Class,85.71428571428572
188,E-Class,C-Class,85.71428571428572
128,Model Y,Model 3,85.71428571428571
76,A5 Sportback,Lancer Sportback,85.71428571428571
73,A5 Sportback,Q8 e-tron Sportback,85.71428571428571
75,A5 Sportback,Regal Sportback,85.71428571428571
81,3 Series,4 Series Gran Coupe,85.71428571428571
534,7 Series,6 Series Gran Coupe,85.71428571428571
844,Crosstrek Hybrid,XV Crosstrek,85.71428571428571
838,911 Carrera S Cabriolet,A3 Cabriolet,85.71428571428571
13,S5 Sportback,Q4 e-tron Sportback,85.71428571428571
837,911 Carrera S Cabriolet,A5 Cabriolet,85.71428571428571
91,3 Series,5 Series Gran Turismo,85.71428571428571
90,3 Series,6 Series Gran Coupe,85.71428571428571
89,3 Series,1 Series M Coupe,85.71428571428571
82,3 Series,2 Series Gran Coupe,85.71428571428571
11,S5 Sportback,Regal Sportback,85.71428571428571
9,S5 Sportback,Q8 e-tron Sportback,85.71428571428571
12,S5 Sportback,Lancer Sportback,85.71428571428571
97,5 Series,3 Series Gran Turismo,85.71428571428571
92,3 Series,5 Series Sedan,85.71428571428571
95,5 Series,4 Series Gran Coupe,85.71428571428571
96,5 Series,2 Series Gran Coupe,85.71428571428571
536,7 Series,5 Series Sedan,85.71428571428571
903,6 Series,5 Series Sedan,85.71428571428571
902,6 Series,5 Series Gran Turismo,85.71428571428571
535,7 Series,5 Series Gran Turismo,85.71428571428571
452,Silverado 2500 HD,Silverado EV,85.71428571428571
533,7 Series,1 Series M Coupe,85.71428571428571
77,A5 Sportback,Q4 e-tron Sportback,85.71428571428571
223,4 Series,5 Series Sedan,85.71428571428571
103,5 Series,6 Series Gran Coupe,85.71428571428571
436,2 Series Gran Coupe,1 Series M Coupe,85.71428571428571
430,2 Series Gran Coupe,7 Series,85.71428571428571
393,Q5 Sportback,Lancer Sportback,85.71428571428571
220,4 Series,1 Series M Coupe,85.71428571428571
394,Q5 Sportback,Q4 e-tron Sportback,85.71428571428571
392,Q5 Sportback,Regal Sportback,85.71428571428571
390,Q5 Sportback,Q8 e-tron Sportback,85.71428571428571
181,Silverado 1500,Silverado EV,85.71428571428571
270,2 Series,1 Series M Coupe,85.71428571428571
222,4 Series,5 Series Gran Turismo,85.71428571428571
817,911 Carrera Cabriolet,A3 Cabriolet,85.71428571428571
811,911 Carrera 4S Cabriolet,A5 Cabriolet,85.71428571428571
812,911 Carrera 4S Cabriolet,A3 Cabriolet,85.71428571428571
816,911 Carrera Cabriolet,A5 Cabriolet,85.71428571428571
435,2 Series Gran Coupe,6 Series,85.71428571428571
431,2 Series Gran Coupe,1 Series,85.71428571428571
525,3 Series Gran Turismo,1 Series,85.71428571428571
102,5 Series,1 Series M Coupe,85.71428571428571
827,911 Carrera 4 Cabriolet,A3 Cabriolet,85.71428571428571
826,911 Carrera 4 Cabriolet,A5 Cabriolet,85.71428571428571
432,2 Series Gran Coupe,8 Series,85.71428571428571
526,3 Series Gran Turismo,8 Series,85.71428571428571
527,3 Series Gran Turismo,6 Series,85.71428571428571
524,3 Series Gran Turismo,7 Series,85.71428571428571
914,1 Series M Coupe,6 Series Gran Coupe,85.71428571428571
900,6 Series,1 Series M Coupe,85.71428571428571
487,Silverado 1500 LTD,Silverado EV,85.71428571428571
45,8 Series Gran Coupe,5 Series,85.71428571428571
666,1 Series,6 Series Gran Coupe,85.71428571428571
673,8 Series,1 Series M Coupe,85.71428571428571
667,1 Series,5 Series Gran Turismo,85.71428571428571
380,4 Series Gran Coupe,1 Series M Coupe,85.71428571428571
674,8 Series,6 Series Gran Coupe,85.71428571428571
44,8 Series Gran Coupe,3 Series,85.71428571428571
215,4 Series,3 Series Gran Turismo,85.71428571428571
214,4 Series,2 Series Gran Coupe,85.71428571428571
265,2 Series,3 Series Gran Turismo,85.71428571428571
707,Silverado 2500,Silverado EV,85.71428571428571
221,4 Series,6 Series Gran Coupe,85.71428571428571
277,Model 3,Model X,85.71428571428571
379,4 Series Gran Coupe,6 Series,85.71428571428571
668,1 Series,5 Series Sedan,85.71428571428571
619,S5 Cabriolet,911 Carrera Cabriolet,85.71428571428571
705,Silverado 3500 HD,Silverado EV,85.71428571428571
701,Silverado 3500,Silverado EV,85.71428571428571
675,8 Series,5 Series Gran Turismo,85.71428571428571
676,8 Series,5 Series Sedan,85.71428571428571
271,2 Series,6 Series Gran Coupe,85.71428571428571
618,S5 Cabriolet,911 Carrera 4S Cabriolet,85.71428571428571
621,S5 Cabriolet,911 Carrera S Cabriolet,85.71428571428571
263,2 Series,4 Series Gran Coupe,85.71428571428571
623,S5 Cabriolet,A3 Cabriolet,85.71428571428571
620,S5 Cabriolet,911 Carrera 4 Cabriolet,85.71428571428571
272,2 Series,5 Series Gran Turismo,85.71428571428571
274,2 Series,5 Series Sedan,85.71428571428571
276,Model 3,Model S,85.71428571428571
376,4 Series Gran Coupe,8 Series,85.71428571428571
375,4 Series Gran Coupe,1 Series,85.71428571428571
46,8 Series Gran Coupe,4 Series,85.71428571428571
47,8 Series Gran Coupe,2 Series,85.71428571428571
51,8 Series Gran Coupe,1 Series,85.71428571428571
495,Silverado 1500 LD,Silverado EV,85.71428571428571
50,8 Series Gran Coupe,7 Series,85.71428571428571
374,4 Series Gran Coupe,7 Series,85.71428571428571
55,8 Series Gran Coupe,6 Series,85.71428571428571
56,8 Series Gran Coupe,1 Series M Coupe,85.71428571428571
228,Tucson Hybrid,Fusion Hybrid,84.61538461538461
897,Z4 Roadster,370Z Roadster,84.21052631578948
455,Santa Fe Plug-In Hybrid,Santa Fe XL,84.21052631578948
475,Escalade ESV,Escalade IQ,84.21052631578948
769,MX-5 Miata Roadster,i8 Roadster,84.21052631578948
770,MX-5 Miata Roadster,Z4 Roadster,84.21052631578948
871,i8 Roadster,TT RS Roadster,84.21052631578948
652,Q4 e-tron,SQ6 e-tron,84.21052631578948
869,i8 Roadster,Z4 Roadster,84.21052631578948
229,Wrangler Unlimited,Wrangler JK,84.21052631578948
162,Santa Fe Sport,Santa Fe XL,84.21052631578948
282,Wrangler JK,Wrangler 4xe,84.21052631578948
360,Santa Fe Hybrid,Santa Fe XL,84.21052631578948
616,A6 e-tron,SQ6 e-tron,84.21052631578948
898,Z4 Roadster,TT RS Roadster,84.21052631578948
870,i8 Roadster,370Z Roadster,84.21052631578948
175,Silverado 1500,Silverado 2500 HD,83.87096774193549
179,Silverado 1500,Silverado 3500 HD,83.87096774193549
449,Silverado 2500 HD,Silverado 3500,83.87096774193549
703,Silverado 3500 HD,Silverado 2500,83.87096774193549
494,Silverado 1500 LD,Silverado 2500,83.87096774193549
492,Silverado 1500 LD,Silverado 3500,83.87096774193549
710,Express Commercial Cutaway,Savana Commercial Cutaway,83.72093023255815
15,Mazda3,Mazda6,83.33333333333334
569,Corvette Z51,Corvette Z06,83.33333333333334
124,5 Door,3 Door,83.33333333333334
331,Sierra 1500,Sierra 3500HD,83.33333333333334
330,Sierra 1500,Sierra 2500HD,83.33333333333334
16,Mazda3,Mazda2,83.33333333333334
537,Mazda2,Mazda5,83.33333333333334
504,Mazda6,Mazda2,83.33333333333334
17,Mazda3,Mazda5,83.33333333333334
872,F-Type,X-Type,83.33333333333334
866,F-Pace,I-Pace,83.33333333333334
505,Mazda6,Mazda5,83.33333333333334
830,911 Carrera 4S Coupe,G Coupe,83.33333333333333
833,911 Carrera Coupe,G Coupe,83.33333333333333
340,Forte 5,Forte Koup,83.33333333333333
688,ATS Coupe,G Coupe,83.33333333333333
339,Forte 5,Forte 5-Door,83.33333333333333
684,CTS Sedan,M Sedan,83.33333333333333
642,S6 Sedan,G Sedan,83.33333333333333
123,A3 Sedan,M Sedan,83.33333333333333
122,A3 Sedan,G Sedan,83.33333333333333
683,CTS Sedan,G Sedan,83.33333333333333
566,A-Class Sedan,M Sedan,83.33333333333333
565,A-Class Sedan,G Sedan,83.33333333333333
434,2 Series Gran Coupe,G Coupe,83.33333333333333
378,4 Series Gran Coupe,G Coupe,83.33333333333333
365,Civic Coupe,G Coupe,83.33333333333333
885,G Coupe,911 Carrera 4 GTS Coupe,83.33333333333333
660,M6 Coupe,G Coupe,83.33333333333333
643,S6 Sedan,M Sedan,83.33333333333333
646,TT RS Coupe,G Coupe,83.33333333333333
609,RS3 Sedan,G Sedan,83.33333333333333
822,911 Carrera S Coupe,G Coupe,83.33333333333333
747,G Sedan,Genesis Sedan,83.33333333333333
748,G Sedan,5 Series Sedan,83.33333333333333
749,M Sedan,Genesis Sedan,83.33333333333333
193,Corolla Sedan,M Sedan,83.33333333333333
604,RS5 Coupe,G Coupe,83.33333333333333
586,S4 Sedan,G Sedan,83.33333333333333
587,S4 Sedan,M Sedan,83.33333333333333
192,Corolla Sedan,G Sedan,83.33333333333333
411,Accord Sedan,M Sedan,83.33333333333333
415,IONIQ 5,IONIQ Plug-In-Hybrid,83.33333333333333
610,RS3 Sedan,M Sedan,83.33333333333333
417,IONIQ 5,IONIQ Hybrid,83.33333333333333
307,S5 Coupe,G Coupe,83.33333333333333
406,Accord Coupe,G Coupe,83.33333333333333
410,Accord Sedan,G Sedan,83.33333333333333
290,C-Class Sedan,M Sedan,83.33333333333333
691,ATS Sedan,G Sedan,83.33333333333333
692,ATS Sedan,M Sedan,83.33333333333333
211,C-Class Coupe,G Coupe,83.33333333333333
750,M Sedan,5 Series Sedan,83.33333333333333
631,S3 Sedan,G Sedan,83.33333333333333
632,S3 Sedan,M Sedan,83.33333333333333
638,TTS Coupe,G Coupe,83.33333333333333
740,IONIQ Plug-In-Hybrid,IONIQ 9,83.33333333333333
289,C-Class Sedan,G Sedan,83.33333333333333
275,Model 3,Golf Standard Model,83.33333333333333
735,GV80 Coupe,G Coupe,83.33333333333333
738,IONIQ Plug-In-Hybrid,IONIQ 6,83.33333333333333
694,CTS Coupe,G Coupe,83.33333333333333
355,Golf Standard Model,Model S,83.33333333333333
315,A4 Sedan,M Sedan,83.33333333333333
725,Mustang Coupe,G Coupe,83.33333333333333
856,Beetle Coupe,G Coupe,83.33333333333333
853,Prius c,Prius Prime,83.33333333333333
852,Prius c,Prius Plug-In Hybrid,83.33333333333333
464,Jetta Sedan,G Sedan,83.33333333333333
509,A6 Sedan,G Sedan,83.33333333333333
129,Model Y,Golf Standard Model,83.33333333333333
356,Golf Standard Model,Model X,83.33333333333333
314,A4 Sedan,G Sedan,83.33333333333333
510,A6 Sedan,M Sedan,83.33333333333333
465,Jetta Sedan,M Sedan,83.33333333333333
876,Genesis Coupe,G Coupe,83.33333333333333
880,G Coupe,Q60 Coupe,83.33333333333333
881,G Coupe,370Z Coupe,83.33333333333333
882,G Coupe,1 Series M Coupe,83.33333333333333
883,G Coupe,6 Series Gran Coupe,83.33333333333333
884,G Coupe,M8 Gran Coupe,83.33333333333333
54,8 Series Gran Coupe,G Coupe,83.33333333333333
64,A5 Coupe,G Coupe,83.33333333333333
925,IONIQ 9,IONIQ 5 N,83.33333333333333
27,Civic Sedan,G Sedan,83.33333333333333
28,Civic Sedan,M Sedan,83.33333333333333
915,IONIQ 6,IONIQ Hybrid,83.33333333333333
918,IONIQ 6,IONIQ 5 N,83.33333333333333
920,IONIQ Hybrid,IONIQ 9,83.33333333333333
473,Tucson Plug-In Hybrid,Prius Plug-In Hybrid,82.92682926829268
31,Rover Range Rover Sport,Rover Range Rover Velar,82.6086956521739
508,A6 Sedan,ATS Sedan,82.35294117647058
506,Elantra GT,Elantra Touring,82.35294117647058
541,Corolla iM,GR Corolla,82.35294117647058
539,Corolla iM,Corolla Cross Hybrid,82.35294117647058
61,A5 Coupe,RS5 Coupe,82.35294117647058
62,A5 Coupe,ATS Coupe,82.35294117647058
441,Outlander Plug-In Hybrid,RAV 4 Plug-In Hybrid,82.35294117647058
854,Prius Plug-In Hybrid,Sonata Plug-In Hybrid,82.35294117647058
313,A4 Sedan,ATS Sedan,82.35294117647058
641,S6 Sedan,ATS Sedan,82.35294117647058
851,RAV 4 Plug-In Hybrid,Sonata Plug-In Hybrid,82.35294117647058
850,RAV 4 Plug-In Hybrid,Prius Plug-In Hybrid,82.35294117647058
847,FJ Cruiser,Land Cruiser,82.35294117647058
849,Corolla Cross Hybrid,GR Corolla,82.35294117647058
457,Santa Fe Plug-In Hybrid,Prius Plug-In Hybrid,82.35294117647058
456,Santa Fe Plug-In Hybrid,RAV 4 Plug-In Hybrid,82.35294117647058
640,S6 Sedan,CTS Sedan,82.35294117647058
112,Corolla Cross,Corolla iM,82.35294117647058
121,A3 Sedan,ATS Sedan,82.35294117647058
115,Corolla Cross,GR Corolla,82.35294117647058
351,CLS-Class,SL-Class,82.35294117647058
472,Tucson Plug-In Hybrid,RAV 4 Plug-In Hybrid,82.35294117647058
809,911 Carrera 4S Cabriolet,911 Carrera 4S Coupe,82.35294117647058
791,CL-Class,SLK-Class,82.35294117647058
303,S5 Coupe,TTS Coupe,82.35294117647058
581,S4 Sedan,RS3 Sedan,82.35294117647058
630,S3 Sedan,ATS Sedan,82.35294117647058
584,S4 Sedan,CTS Sedan,82.35294117647058
608,RS3 Sedan,S6 Sedan,82.35294117647058
191,Corolla Sedan,Corolla iM,82.35294117647058
585,S4 Sedan,ATS Sedan,82.35294117647058
305,S5 Coupe,CTS Coupe,82.35294117647058
737,Clarity Plug-In-Hybrid,IONIQ Plug-In-Hybrid,82.35294117647058
304,S5 Coupe,ATS Coupe,82.35294117647058
629,S3 Sedan,CTS Sedan,82.35294117647058
195,Corolla Sedan,GR Corolla,82.35294117647058
261,Sorento Plug-In Hybrid,Prius Plug-In Hybrid,82.35294117647058
287,Elantra Hybrid,Elantra GT,82.35294117647058
260,Sorento Plug-In Hybrid,RAV 4 Plug-In Hybrid,82.35294117647058
442,Outlander Plug-In Hybrid,Prius Plug-In Hybrid,82.35294117647058
787,GLK-Class,CL-Class,82.35294117647058
661,M6 Coupe,Q60 Coupe,82.35294117647058
371,Corolla Hatchback 5-Door,GR Corolla,82.35294117647058
369,Corolla Hatchback 5-Door,Corolla iM,82.35294117647058
780,SL-Class,GLK-Class,82.35294117647058
786,SL-Class,CLK-Class,82.35294117647058
119,A3 Sedan,RS3 Sedan,82.35294117647058
503,HUMMER EV SUV,HUMMER EV Pickup,81.81818181818181
576,SQ5 Sportback,Q8 e-tron Sportback,81.81818181818181
579,SQ5 Sportback,Lancer Sportback,81.81818181818181
625,RS5 Sportback,Regal Sportback,81.81818181818181
626,RS5 Sportback,Lancer Sportback,81.81818181818181
595,Q8 e-tron Sportback,RS5 Sportback,81.81818181818181
580,SQ5 Sportback,Q4 e-tron Sportback,81.81818181818181
578,SQ5 Sportback,Regal Sportback,81.81818181818181
627,RS5 Sportback,Q4 e-tron Sportback,81.81818181818181
293,Sorento Hybrid,Sonata Hybrid,81.4814814814815
484,Silverado 1500 LTD,Silverado 3500,81.25
460,ProMaster Cargo Van,ProMaster Window Van,81.25
486,Silverado 1500 LTD,Silverado 2500,81.25
821,911 Carrera S Coupe,911 Carrera S Cabriolet,81.25
474,Tucson Plug-In Hybrid,Sonata Plug-In Hybrid,80.95238095238095
904,S8,SQ8,80.0
23,WRX,RX,80.0
927,e-tron GT,SQ6 e-tron,80.0
865,S40,S4,80.0
39,GLC,LC,80.0
43,Q8,SQ8,80.0
928,e-tron GT,Q4 e-tron Sportback,80.0
489,Sierra 1500 Limited,Sierra EV,80.0
500,Sierra EV,Sierra 2500HD,80.0
501,Sierra EV,Sierra 3500HD,80.0
259,Sorento Plug-In Hybrid,Tucson Plug-In Hybrid,80.0
258,Sorento Plug-In Hybrid,Santa Fe Plug-In Hybrid,80.0
858,C40 Recharge Pure Electric,S60 Recharge,80.0
860,S60,S6,80.0
127,Q5,Q50,80.0
443,Outlander Plug-In Hybrid,Sonata Plug-In Hybrid,80.0
514,S-Class,CL-Class,80.0
454,Santa Fe Plug-In Hybrid,Tucson Plug-In Hybrid,80.0
863,S80,S8,80.0
241,TLX,LX,80.0
232,CX-70 MHEV,CX-90 PHEV,80.0
171,CX-30,MX-30,80.0
169,CX-30,CX-50,80.0
173,BRZ,RZ,80.0
174,Silverado 1500,Sierra 1500,80.0
704,Silverado 3500 HD,Sierra 3500HD,80.0
615,A6 e-tron,e-tron GT,80.0
611,A6 e-tron,Q4 e-tron,80.0
617,A6 e-tron,Q4 e-tron Sportback,80.0
695,CT5-V,CTS-V,80.0
698,Corvette Z06,Corvette Stingray,80.0
697,Corvette Z06,Corvette Grand Sport,80.0
696,CTS-V,ATS-V,80.0
245,SQ5,S5,80.0
225,TX,TLX,80.0
200,Kona Electric,Kona N,80.0
198,CX-50,CX-70,80.0
247,X4,XT4,80.0
242,TLX,TL,80.0
728,E-350,E-450,80.0
230,Wrangler Unlimited,Wrangler 4xe,80.0
226,TX,TSX,80.0
186,E-Class,CL-Class,80.0
185,E-Class,SL-Class,80.0
387,SLC,SL,80.0
386,SLC,SC,80.0
602,RS5 Coupe,TT RS Coupe,80.0
606,RS3,S3,80.0
597,Q8 e-tron Sportback,Q6 e-tron,80.0
599,Q8 e-tron Sportback,e-tron GT,80.0
590,RS e-tron GT,Q4 e-tron,80.0
591,RS e-tron GT,Q6 e-tron,80.0
596,Q8 e-tron Sportback,Q4 e-tron,80.0
594,Q8 e-tron Sportback,A6 e-tron,80.0
589,RS e-tron GT,A6 e-tron,80.0
752,LS,CLS,80.0
445,ES,EQS,80.0
448,Silverado 2500 HD,Sierra 2500HD,80.0
634,TTS Coupe,TT RS Coupe,80.0
172,CX-30,CX-70,80.0
141,ILX,LX,80.0
147,Golf R,Golf GTI,80.0
133,X6,XT6,80.0
153,Golf R,Golf Alltrack,80.0
149,Golf R,Golf SportWagen,80.0
134,Q7,Q70,80.0
148,Golf R,Golf Standard Model,80.0
784,SL-Class,C-Class,80.0
793,CL-Class,M-Class,80.0
790,CL-Class,B-Class,80.0
782,SL-Class,B-Class,80.0
776,G-Class,CL-Class,80.0
785,SL-Class,M-Class,80.0
774,G-Class,SL-Class,80.0
324,RX,RLX,80.0
657,Q6 e-tron,Q4 e-tron Sportback,80.0
655,Q6 e-tron,e-tron GT,80.0
651,Q4 e-tron,e-tron GT,80.0
385,SLC,LC,80.0
152,Golf R,Golf Wagon,80.0
361,GLS,GS,80.0
362,GLS,LS,80.0
151,Golf R,Golf City,80.0
680,CT4-V,CTS-V,80.0
111,RDX,RX,80.0
337,LX,RLX,80.0
327,RX,RSX,80.0
329,Sierra 1500,Sierra EV,80.0
679,CT4-V,CT5-V,80.0
325,RX,SRX,80.0
125,Q5,SQ5,80.0
466,Wrangler 4xe,Wrangler JK Unlimited,80.0
560,XC90 Recharge,S60 Recharge,80.0
480,CX-90 MHEV,CX-70 PHEV,80.0
563,XC40 Recharge Pure Electric,S60 Recharge,80.0
568,S7,RS7,80.0
570,Corvette Z51,Corvette Grand Sport,80.0
571,Corvette Z51,Corvette Stingray,80.0
422,CT5,CT,80.0
423,CT,CTS,80.0
424,CT,CT6,80.0
425,CT,CT4,80.0
429,S5,RS5,80.0
440,Outlander Plug-In Hybrid,Tucson Plug-In Hybrid,80.0
891,TTS,TT,80.0
21,X5,XT5,80.0
