,Make Model
0,Lincoln Corsair
4,Mazda CX-5
5,Ford F-150
6,Land Rover Defender
7,Honda Passport
8,Kia Seltos
9,Genesis GV70
10,Audi S5 Sportback
11,Mazda Mazda3
12,Subaru Outback
14,Toyota Prius
15,BMW X5
16,Subaru WRX
17,Infiniti QX60
18,Ford Bronco Sport
19,Honda Civic Sedan
20,Nissan Versa
21,Mercedes-Benz GLA
22,Land Rover Range Rover Sport
23,Volkswagen Taos
24,Volkswagen Tiguan
25,Kia Carnival
26,Porsche Panamera
27,Volkswagen Atlas
28,Toyota 4-Runner
29,Buick Envision
30,Toyota RAV 4
31,Mercedes-Benz GLC
32,Land Rover Range Rover Evoque
33,Audi Q8
34,Honda Pilot
35,BMW X1
36,BMW 8 Series Gran Coupe
37,Audi A5 Coupe
38,Hyundai Elantra
39,BMW M4
41,Toyota RAV 4 Hybrid
42,Kia Telluride
43,Audi A5 Sportback
48,Toyota Tacoma
49,BMW 3 Series
50,BMW 5 Series
53,Ford Escape
55,Hyundai Palisade
58,Honda CR-V Hybrid
59,Honda Insight
61,Ford Mustang Mach-E
63,Acura RDX
64,Toyota Corolla Cross
65,Honda CR-V
66,Audi A3 Sedan
67,MINI 5 Door
69,Audi Q5
75,Porsche Macan
76,Tesla Model Y
77,BMW X6
78,Audi Q7
79,Land Rover Discovery Sport
80,Hyundai Santa Fe
82,Toyota Tundra Hybrid
84,Acura ILX
85,Ford Bronco
88,Jeep Grand Cherokee L
91,Lexus NX
92,Lexus IS
94,Volkswagen Golf R
96,RAM 1500
97,Hyundai Santa Fe Sport
99,Toyota Camry
101,Mazda Mazda3 Sport
105,Jeep Wrangler
107,Acura MDX
108,Land Rover Range Rover Velar
110,Mazda CX-30
112,Jeep Compass
115,Subaru BRZ
118,Nissan Rogue
119,Chevrolet Silverado 1500
120,Mercedes-Benz E-Class
122,Infiniti QX50
124,Toyota Corolla Sedan
126,Mazda CX-9
128,Lincoln Nautilus
133,Nissan Pathfinder
136,Honda HR-V
137,Volkswagen Golf GTI
139,BMW X2
143,Lexus UX
144,Mazda CX-50
150,Nissan Frontier
152,Chevrolet Colorado
155,Hyundai Kona Electric
163,Hyundai Tucson
166,Toyota Highlander
168,Kia Sorento
170,GMC Yukon
173,MINI Countryman
179,Toyota Sienna
180,Mercedes-Benz C-Class Coupe
181,BMW 4 Series
182,Chevrolet Blazer
187,Lexus TX
190,Hyundai Tucson Hybrid
195,Kia K4
197,Audi Q3
198,Jeep Wrangler Unlimited
210,Mazda CX-70 MHEV
213,Volvo XC90
218,Volvo XC90 Hybrid
221,Nissan Z
228,Mitsubishi Eclipse Cross
230,Acura TLX
232,Volkswagen Jetta
237,Audi SQ5
241,BMW X4
249,Hyundai Venue
252,Nissan Sentra
253,Buick Envista
254,Mercedes-Benz GLE
257,Kia Sportage
261,Jeep Cherokee
263,Dodge Grand Caravan
268,Dodge Durango
273,Toyota Highlander Hybrid
278,Ford Explorer
279,Audi A3
286,Kia Sorento Plug-In Hybrid
293,Mazda CX-3
298,BMW 2 Series
303,Tesla Model 3
309,Infiniti QX80
310,BMW X3
313,Subaru Crosstrek
314,GMC Acadia
315,Jeep Wrangler JK
316,Jeep Grand Cherokee
322,Hyundai Elantra Hybrid
328,Nissan Armada
330,Mercedes-Benz C-Class Sedan
332,Honda Civic Type R
336,Kia Sorento Hybrid
341,Porsche Cayenne
343,Mercedes-Benz C-Class Wagon
348,Volvo XC60
358,Toyota Tundra
363,Chevrolet Corvette
369,Audi S5 Coupe
370,Ford Transit Cargo Van
373,Audi A4 Sedan
377,Ford Taurus
379,Porsche Cayman 718 GT4
381,Dodge Challenger
382,Mercedes-Benz CLA
391,Hyundai Santa Cruz
405,MINI 3 Door
416,Nissan Altima
421,Ford Fusion
425,Honda Accord Hybrid
427,Mitsubishi Outlander
428,Lexus RX
436,GMC Sierra 1500
439,Mazda MX-5 Miata RF
441,Subaru Forester
442,Hyundai Kona
445,Hyundai Sonata
447,Mercedes-Benz GLB
449,Lexus LX
453,Kia Forte 5
454,Chevrolet Tahoe
455,Volvo XC60 Recharge
460,RAM 3500
480,Mercedes-Benz CLS-Class
481,Subaru Ascent
482,Volkswagen Golf Standard Model
483,Chevrolet Cruze
484,Hyundai Santa Fe Hybrid
490,GMC Canyon
492,Mercedes-Benz GLS
496,Audi A7
497,Honda Civic Coupe
526,Jeep Gladiator
527,GMC Terrain
529,Ford Focus
547,Kia Forte
550,Toyota Corolla Hatchback 5-Door
551,Dodge Charger
552,BMW 4 Series Gran Coupe
559,Audi A4
560,Acura TL
561,Chrysler Pacifica
568,Mercedes-Benz SLC
582,Hyundai Palisade Hybrid
585,Toyota Venza
589,Ford Expedition
624,Audi Q5 Sportback
629,Chevrolet Blazer EV
631,BMW M2
633,Chevrolet Traverse
635,RAM 2500
645,Mercedes-Benz AMG GT
649,Honda Accord Coupe
657,Ford Mustang Fastback
661,Nissan Kicks
664,Honda Accord Sedan
665,Toyota Yaris
667,Nissan Qashqai
703,Infiniti Q60
714,Lincoln Navigator L
730,Hyundai IONIQ 5
731,Volkswagen Atlas Cross Sport
740,Volkswagen Golf SportWagen
742,Cadillac CT5
744,Cadillac XT5
750,Ford Edge
771,Lexus CT
775,Ford Flex
780,Subaru Legacy
792,Infiniti Q50
796,Cadillac Escalade
809,RAM 1500 Classic
811,Chevrolet Trailblazer
816,Audi S5
821,BMW 2 Series Gran Coupe
830,Mitsubishi Outlander Plug-In Hybrid
835,Audi A5
855,Mitsubishi RVR
866,Lexus ES
879,Volkswagen Jetta GLI
894,Chevrolet Silverado 2500 HD
907,Chevrolet Trax
908,Hyundai Santa Fe Plug-In Hybrid
911,Volkswagen Arteon
915,Honda Odyssey
918,RAM ProMaster Cargo Van
920,Hyundai Elantra N
939,BMW X7
949,Volkswagen Jetta Sedan
972,Honda Ridgeline
973,Audi A8 Long
994,Lincoln Aviator
998,Ford Maverick
1005,Jeep Wrangler 4xe
1009,Kia Sportage Hybrid
1019,Chevrolet Bolt EUV
1059,Chevrolet Equinox
1077,Cadillac XT4
1082,Volkswagen Passat
1099,Toyota Grand Highlander
1116,Ford Escape PHEV
1127,Hyundai Tucson Plug-In Hybrid
1139,Cadillac Escalade ESV
1149,Lincoln MKC
1187,Hyundai Santa Fe XL
1219,Mazda CX-90 PHEV
1229,Lincoln Navigator
1279,GMC Savana Cargo Van
1291,Ford Ranger
1302,Nissan Murano
1336,Mazda CX-90 MHEV
1355,Chevrolet Suburban
1366,Toyota 4-Runner Hybrid
1371,Chevrolet Malibu
1404,Chrysler 300
1444,Mercedes-Benz A-Class Hatchback
1452,Chevrolet Silverado 1500 LTD
1464,GMC Yukon XL
1467,GMC Sierra 1500 Limited
1491,BMW X5 M
1506,Dodge Journey
1512,Kia Rio 5-door
1514,Chrysler Grand Caravan
1566,Acura Integra
1569,Buick Enclave
1575,Chevrolet Silverado 1500 LD
1602,Jeep Grand Cherokee 4xe
1636,Toyota C-HR
1654,Hyundai ACCENT
1661,Ford F-250 Super Duty
1705,GMC Sierra EV
1773,Kia EV9
1777,Chevrolet Bolt
1881,GMC HUMMER EV SUV
1910,Mazda Mazda6
1979,GMC HUMMER EV Pickup
1983,Honda Fit
1990,Hyundai Elantra GT
1999,Ford Police Interceptor Utility
2003,Audi A6 Sedan
2016,Mercedes-Benz S-Class
2021,Chevrolet Bolt EV
2060,Chevrolet Camaro
2103,Kia Soul
2117,Ford Fusion Hybrid
2131,Chevrolet Express 2500
2150,Buick Encore GX
2152,BMW 3 Series Gran Turismo
2181,BMW 7 Series
2261,Mazda Mazda2
2275,GMC Sierra 2500HD
2284,Toyota HiAce
2288,Toyota Corolla iM
2303,Chevrolet Malibu Hybrid
2315,Infiniti G Convertible
2356,Acura ADX
2380,Honda Civic Hatchback
2454,Cadillac Lyriq
2483,Lexus IS Convertible
2493,Lexus RC
2494,Land Rover Range Rover
2511,Kia Niro
2597,Subaru Impreza
2608,Mitsubishi Lancer
2625,Hyundai Sonata Hybrid
2636,Nissan Kicks Play
2655,Toyota Camry Hybrid
2670,Toyota GR Supra
2676,Kia Niro EV
2701,Volvo XC90 Recharge
2754,Volvo XC40 Recharge Pure Electric
2791,Toyota Crown Signia
2808,Volvo XC40
2846,Kia K5
2884,Infiniti QX56
2888,Mercedes-Benz A-Class Sedan
2934,Volkswagen Passat CC
2950,Audi S7
2960,Kia Rio
2962,Chrysler Pacifica Hybrid
2994,Chevrolet Corvette Z51
3062,Kia Soul EV
3129,Mazda CX-70 PHEV
3153,Volvo XC90 Plug-in Hybrid
3356,Jeep Wagoneer S
4004,Acura ZDX
4140,Acura RLX
4197,Acura TSX
4323,Audi A4 Allroad Quattro
4337,Audi SQ5 Sportback
4345,Audi S4 Sedan
4368,Audi RS e-tron GT
4375,Audi RS7
4382,Audi Q8 e-tron Sportback
4389,Audi RS5 Coupe
4416,Audi RS3
4418,Audi RS3 Sedan
4470,Audi A6 e-tron
4483,Audi S5 Cabriolet
4493,Audi RS5 Sportback
4499,Audi R8
4510,Audi RS5
4515,Audi S3 Sedan
4541,Audi RS6 Avant
4601,Audi TTS Coupe
4614,Audi S6 Sedan
4625,Audi TT RS Coupe
4713,Audi Q4 e-tron
4942,Audi Q6 e-tron
5241,BMW M3
5305,BMW i4
5477,BMW i8
5529,BMW iX
5553,BMW M6 Coupe
5565,BMW 1 Series
5582,BMW X3 M
5633,BMW M5
5669,BMW X6 M
5693,BMW M8
5710,BMW i5
5712,BMW i7
5766,BMW 8 Series
5796,BMW M6 Cabrio
6209,Buick Encore
6241,Buick Verano
6243,Buick Regal
6317,Buick Lacrosse
6411,Buick Regal Sportback
6515,Buick Allure
6653,Cadillac Optiq
6695,Cadillac XT6
6828,Cadillac CT4-V
6884,Cadillac Vistiq
6986,Cadillac XTS
6989,Cadillac CTS Sedan
6997,Cadillac SRX
7010,Cadillac ATS Coupe
7029,Cadillac CTS
7035,Cadillac ATS Sedan
7049,Cadillac CTS Coupe
7061,Cadillac CT6
7072,Cadillac CT4
7076,Cadillac CT5-V
7107,Cadillac ATS
7111,Cadillac DTS
7175,Cadillac Escalade IQ
7296,Cadillac CTS-V
7323,Cadillac Deville
7331,Cadillac XLR
7340,Cadillac STS
7348,Cadillac ATS-V
7378,Cadillac ELR
7691,Chevrolet Equinox EV
7754,Chevrolet Spark
7776,Chevrolet Corvette Z06
7819,Chevrolet Impala
7845,Chevrolet Sonic
7894,Chevrolet Cruze Limited
7909,Chevrolet Silverado 3500
7943,Chevrolet Silverado 3500 HD
7972,Chevrolet Malibu Limited
7978,Chevrolet Silverado 2500
7996,Chevrolet Express 3500
8051,Chevrolet Express Commercial Cutaway
8084,Chevrolet Volt
8110,Chevrolet City Express Cargo Van
8328,Chrysler Town & Country
8364,Chrysler 200
8520,Chrysler Sebring
8718,Dodge Hornet
8812,Dodge Caliber
8861,Dodge Charger Daytona
9019,Dodge RAM 2500
9073,Dodge RAM
9231,Ford Mustang Shelby
9261,Ford Escape Hybrid
9267,Ford Mustang Convertible
9302,Ford EcoSport
9307,Ford F-350 Super Duty
9326,Ford Mustang Coupe
9327,Ford Mustang
9331,Ford Focus Electric
9403,Ford Transit Connect
9442,Ford Fiesta Hatchback
9469,Ford Transit Passenger Van
9554,Ford Expedition Max
9568,Ford E-350
10073,GMC Safari
10093,GMC Sierra 3500HD
10130,GMC Savana Commercial Cutaway
10167,GMC Savana Passenger
10206,GMC Savana 3500
10662,Genesis G90
10663,Genesis GV70 Electrified
10680,Genesis G70
10682,Genesis GV80
10683,Genesis G80
10739,Genesis GV80 Coupe
10761,Genesis GV60
11129,Honda Clarity Plug-In-Hybrid
11715,Honda Accord
12049,Hyundai Veloster
12181,Hyundai IONIQ Plug-In-Hybrid
12617,Infiniti QX55
12630,Infiniti EX
12667,Infiniti QX70
12689,Infiniti G
12708,Infiniti M
12799,Infiniti JX35
12886,Infiniti Q70
12926,Infiniti FX
12937,Infiniti QX30
12979,Infiniti G Sedan
12995,Infiniti M Sedan
13332,Jeep Grand Wagoneer
13360,Jeep Grand Cherokee WK
13413,Jeep Patriot
13498,Jeep Renegade
13544,Jeep Wagoneer
13566,Jeep Wrangler JK Unlimited
13607,Jeep TJ
13817,Kia Forte 5-Door
13882,Kia Sedona
14014,Kia Forte Koup
14043,Kia Carnival Hybrid
14064,Kia Stinger
14123,Kia Optima
14207,Kia EV6
14217,Kia Rondo
14828,Land Rover Discovery
15242,Lexus LC
15271,Lexus GS
15325,Lexus GX
15332,Lexus LS
15471,Lexus RZ
16123,Lincoln MKZ
16153,Lincoln MKX
16188,Lincoln Continental
16212,Lincoln MKT
16337,Lincoln MKS
16417,Lincoln Town Car
16995,MINI Convertible
17177,MINI Clubman
17205,MINI Paceman
17470,MINI Coupe
17519,MINI Cooper Hardtop
17841,Mazda MX-5 Miata Roadster
17852,Mazda CX-50 Hybrid
17930,Mazda MX-30
18451,Mercedes-Benz EQS
18466,Mercedes-Benz EQE
18483,Mercedes-Benz C-Class Convertible
18499,Mercedes-Benz G-Class
18544,Mercedes-Benz EQB
18564,Mercedes-Benz SL-Class
18570,Mercedes-Benz GLK-Class
18598,Mercedes-Benz CLE
18637,Mercedes-Benz CL-Class
18692,Mercedes-Benz Sprinter 2500
18717,Mercedes-Benz B-Class
18900,Mercedes-Benz eSprinter Cargo Van
18928,Mercedes-Benz eSprinter
19250,Mitsubishi Mirage
19311,Mitsubishi Lancer Evolution
19495,Mitsubishi Mirage G4
19537,Mitsubishi I-MiEV
19613,Mitsubishi Eclipse
19619,Mitsubishi Lancer Sportback
19664,Mitsubishi Galant
19774,Nissan Leaf
20183,Nissan Titan
20191,Nissan NV200 Cargo Vans
20331,Nissan Xterra
20478,Nissan Maxima
20652,Porsche Cayman
20669,Porsche Taycan
20673,Porsche Boxster 718
20692,Porsche Cayman 718
20698,Porsche 911 Carrera 4S Cabriolet
20763,Porsche 911 Carrera Cabriolet
20768,Porsche 911 Carrera S Coupe
20843,Porsche 911 Carrera 4 Cabriolet
20844,Porsche 911 Carrera 4S Coupe
20849,Porsche 911 Carrera Coupe
20856,Porsche Boxster
20897,Porsche 911 Carrera S Cabriolet
20943,RAM ProMaster City Cargo Van
20944,RAM ProMaster City Wagon
20999,RAM ProMaster Window Van
21102,RAM ProMaster 3500
21131,RAM Cargo Van
21543,Subaru Crosstrek Hybrid
21837,Subaru WRX STI
21958,Subaru Solterra
22124,Subaru XV Crosstrek
22230,Tesla Model S
22234,Tesla Cybertruck
22244,Tesla Model X
22755,Toyota FJ Cruiser
22788,Toyota Corolla Cross Hybrid
22797,Toyota RAV 4 Plug-In Hybrid
22998,Toyota Prius c
23000,Toyota Prius Plug-In Hybrid
23020,Toyota Sequoia
23048,Toyota Yaris Hatchback
23144,Toyota Crown
23233,Toyota Land Cruiser
23236,Toyota bZ4X
23567,Volkswagen Beetle Coupe
23568,Volkswagen Rabbit
23733,Volkswagen Beetle
23739,Volkswagen CC
23784,Volkswagen Scirocco
24316,Volvo XC60 Plug-in Hybrid
24425,Volvo EX90
24462,Volvo EX30
24573,Volvo C40 Recharge Pure Electric
24590,Volvo S60 Recharge
24591,Volvo S60
24608,Volvo XC70
24625,Volvo V60
24633,Volvo S80
24635,Volvo V70
24652,Volvo C30
24679,Volvo S90
24694,Volvo V90 Cross Country
24715,Volvo C70
24745,Volvo V60 Cross Country
24790,Volvo S40
24965,Scion tC
25004,Rivian R1S
25361,Alfa Romeo Giulia
25431,Jaguar F-Pace
25605,Chevrolet Corvette Grand Sport
25792,Hyundai Sonata Plug-In Hybrid
26030,Lexus SC
26038,Toyota Matrix
26096,Nissan Versa Note
26115,Fiat 500L
26132,BMW i8 Roadster
26138,Jaguar F-Type
26169,Toyota Corolla
26272,Nissan Juke
26305,Nissan Ariya
26313,Jaguar X-Type
26335,Mercedes-Benz SLK-Class
26348,Mercedes-Benz 250
26354,Hyundai Genesis Coupe
26358,Honda Civic
26360,Mercedes-Benz SL
26368,Subaru OUTBACK
26423,Hyundai SANTA FE
26424,Jaguar XE
26436,Mercedes-Benz C-Class
26456,Audi A5 Cabriolet
26531,Infiniti G Coupe
26543,Jaguar I-Pace
26546,Mazda Mazda5
26609,Land Rover LR4
26643,Fiat 500X
26711,Chevrolet Express
26825,Chevrolet Silverado EV
26904,Audi RS Q8
26916,Ford E-Series Cutaway
26971,Alfa Romeo Tonale
27000,Nissan Micra
27001,Saturn SKY
27022,Dodge Caravan
27026,Audi TTS
27031,Volkswagen Golf
27035,Hyundai TUCSON
27045,Mercedes-Benz CLK
27083,Infiniti Q60 Coupe
27130,Lincoln Mark LT
27175,GMC Savana
27191,Saturn VUE
27223,Chevrolet Astro
27304,Audi TT
27324,Toyota GR86
27405,BMW Z4 Roadster
27419,Renault Clio
27421,Scion FR-S
27440,Hyundai Genesis Sedan
27468,Mazda MX-5 Miata
27487,Nissan NV200
27488,Toyota Prius Prime
27531,Audi S4
27579,Pontiac Solstice
27592,Mercedes-Benz Metris Cargo Van
27765,BMW 6 Series
27874,Audi S8
27899,Hyundai Kona N
27904,Nissan 370Z Coupe
28035,Maserati Ghibli
28079,Toyota Avalon
28129,Audi A6
28163,Nissan 350Z
28252,BMW M6
28331,Audi e-tron
28407,Jaguar XK
28414,Hyundai KONA
28449,Nissan 370Z
28485,Ford F 150 Lightning
28494,Hyundai SONATA
28550,Mazda 3
28563,Ford F 150
28572,Hyundai PALISADE
28586,Hyundai ELANTRA
28604,Honda CR-Z
28653,Audi SQ8
28660,Fisker Karma
28897,Jaguar XK Convertible
29117,Jaguar XJ
29142,BMW 1 Series M Coupe
29154,Kia EV4
29155,Volkswagen Beetle Convertible
29267,Audi A3 Cabriolet
29279,Hyundai IONIQ 6
29286,Ferrari California
29295,Nissan X-Trail
29329,Maserati Quattroporte
29362,Volkswagen Touareg
29474,Audi S3
29547,Ford F-150 Lightning
29585,Alfa Romeo Stelvio
29592,Fiat 500
29673,RAM Promaster
29764,Mercedes-Benz Sprinter
29808,Hyundai IONIQ Hybrid
29892,Hyundai IONIQ
29949,Volkswagen Eos
29970,Maserati Grecale
29978,Nissan 370Z Roadster
30069,Chrysler Crossfire
30145,Jaguar XF
30345,Toyota Grand Highlander Hybrid
30733,Ford Fusion Energi
30872,Pontiac Vibe
30873,Subaru XV
30945,Chevrolet Aveo
30956,Aston Martin DBX
30986,Ford E-450
31005,smart fortwo
31085,Ford C-Max Hybrid
31143,Toyota GR Corolla
31160,Volkswagen Golf City
31166,Mercedes-Benz M-Class
31242,Mazda CX-7
31250,Chevrolet Corvette Stingray
31357,Pontiac G6
31387,Volkswagen Golf Wagon
31421,BMW 6 Series Gran Coupe
31432,BMW M8 Gran Coupe
31523,Rolls-Royce Ghost
31529,Chevrolet SSR
31668,Dodge RAM 1500
31755,Lotus Evora
31803,Hyundai Elantra Touring
32078,Ford F-550 Super Duty
32103,Polestar 3
32123,Hyundai IONIQ 9
32236,Mercedes-Benz CLK-Class
32742,Mazda CX-70
32905,Ford Econoline
33072,Nissan Sentra NISMO
33216,Lexus RX 350
33268,Audi S6
33443,Bentley Bentayga
33567,Maserati Levante
33654,Chevrolet City Express
33661,Porsche 911
33777,Aston Martin Vantage
33800,Saab 03-Sep
33836,McLaren 12 C
33892,Alfa Romeo 4C
33894,Audi e-tron GT
33936,BMW 5 Series Gran Turismo
33967,Maserati GranTurismo
34050,Audi TT RS Roadster
34273,Porsche 718 Boxster
34553,RAM ProMaster 2500
34660,Nissan Juke Nismo
34684,BMW Z4
34709,Suzuki Grand Vitara
34757,Ford Transit
35088,Hyundai IONIQ 5 N
35092,HUMMER H3
35213,Ford Explorer Sport Trac
35357,Chevrolet Silverado
35364,GMC Envoy
35378,Kia Spectra
35462,Dodge Dart
35595,Audi SQ6 e-tron
35617,Toyota RAV 4 Prime
35692,Bentley Continental GT
35749,Land Rover LR2
35902,Audi Q4 e-tron Sportback
36229,Chevrolet Express Passenger
36268,Nissan Titan XD
36576,Mitsubishi Outlander PHEV
36609,Nissan Note
36627,Mercedes-Benz CLS
36712,Mercedes-Benz 230
36717,Scion xB
36786,Mercedes-Benz Metris Passenger Van
36886,Acura CSX
36902,Polestar 2
37214,Volkswagen ID.4
37431,Kia Borrego
37447,Volkswagen Golf Alltrack
37499,Scion iM
37529,Jeep Liberty
37530,Mazda B-Series
37624,HUMMER H2
37733,Saturn Aura
37836,Daihatsu Hijet
37904,Acura RSX
37983,Kia EV5
38085,Porsche 911 Carrera 4 GTS Coupe
38288,Nissan GT-R
38417,BMW 5 Series Sedan
38451,Audi TT RS
38467,Lotus Emira
